ministry_id,canonical_name,name_variants,former_names
agriculture-and-farmers-welfare,AGRICULTURE AND FARMERS WELFARE,AGRICULTURE AND FARMERS WELFARE,
atomic-energy,ATOMIC ENERGY,ATOMIC ENERGY,
ayurveda-yoga-naturopathy-unani-siddha-and-homeopathy-ayush,AYUSH,"AYURVEDA,YOGA & NATUROPATHY,UNANI,SIDDHA AND HOMEOPATHY (AYUSH)|AYUSH","AYURVEDA,YOGA & NATUROPATHY,UNANI,SIDDHA AND HOMEOPATHY (AYUSH)"
chemicals-and-fertilizers,CHEMICALS AND FERTILIZERS,CHEMICALS AND FERTILIZERS,
civil-aviation,CIVIL AVIATION,CIVIL AVIATION,
coal,COAL,COAL,
commerce-and-industry,COMMERCE AND INDUSTRY,COMMERCE AND INDUSTRY,
communications,COMMUNICATIONS,COMMUNICATION|COMMUNICATIONS,COMMUNICATION
consumer-affairs-food-and-public-distribution,"CONSUMER AFFAIRS, FOOD AND PUBLIC DISTRIBUTION","CONSUMER AFFAIRS, FOOD AND PUBLIC DISTRIBUTION",
cooperation,COOPERATION,COOPERATION,
corporate-affairs,CORPORATE AFFAIRS,CORPORATE AFFAIRS,
culture,CULTURE,CULTURE,
defence,DEFENCE,DEFENCE,
development-of-north-eastern-region,DEVELOPMENT OF NORTH EASTERN REGION,DEVELOPMENT OF NORTH EASTERN REGION,
earth-sciences,EARTH SCIENCES,EARTH SCIENCES,
electronics-and-information-technology,ELECTRONICS AND INFORMATION TECHNOLOGY,ELECTRONICS AND INFORMATION TECHNOLOGY,
environment-forests-and-climate-change,"ENVIRONMENT, FOREST AND CLIMATE CHANGE","ENVIRONMENT,  FORESTS AND CLIMATE CHANGE|ENVIRONMENT, FOREST AND CLIMATE CHANGE","ENVIRONMENT,  FORESTS AND CLIMATE CHANGE"
external-affairs,EXTERNAL AFFAIRS,EXTERNAL AFFAIRS,
finance,FINANCE,FINANCE,
fisheries-animal-husbandry-and-dairying,"FISHERIES, ANIMAL HUSBANDRY AND DAIRYING","FISHERIES, ANIMAL HUSBANDRY AND DAIRYING",
food-processing-industries,FOOD PROCESSING INDUSTRIES,FOOD PROCESSING INDUSTRIES,
health-and-family-welfare,HEALTH AND FAMILY WELFARE,HEALTH AND FAMILY WELFARE,
heavy-industries-and-public-enterprises,HEAVY INDUSTRIES,HEAVY INDUSTRIES|HEAVY INDUSTRIES AND PUBLIC ENTERPRISES,HEAVY INDUSTRIES AND PUBLIC ENTERPRISES
home-affairs,HOME AFFAIRS,HOME AFFAIRS,
housing-and-urban-affairs,HOUSING AND URBAN AFFAIRS,HOUSING AND URBAN AFFAIRS,
human-resource-development,EDUCATION,EDUCATION|Education|HUMAN RESOURCE DEVELOPMENT,HUMAN RESOURCE DEVELOPMENT
information-and-broadcasting,INFORMATION AND BROADCASTING,INFORMATION AND BROADCASTING,
jal-shakti,JAL SHAKTI,JAL SHAKTI,
labour-and-employment,LABOUR AND EMPLOYMENT,LABOUR AND EMPLOYMENT,
law-and-justice,LAW AND JUSTICE,LAW AND JUSTICE,
micro-small-and-medium-enterprises,"MICRO, SMALL AND MEDIUM ENTERPRISES","MICRO, SMALL AND MEDIUM ENTERPRISES|MICRO,SMALL AND MEDIUM ENTERPRISES","MICRO,SMALL AND MEDIUM ENTERPRISES"
mines,MINES,MINES,
minority-affairs,MINORITY AFFAIRS,MINORITY AFFAIRS,
new-and-renewable-energy,NEW AND RENEWABLE ENERGY,NEW AND RENEWABLE ENERGY,
panchayati-raj,PANCHAYATI RAJ,PANCHAYATI RAJ,
parliamentary-affairs,PARLIAMENTARY AFFAIRS,PARLIAMENTARY AFFAIRS,
personnel-public-grievances-and-pensions,"PERSONNEL, PUBLIC GRIEVANCES AND PENSIONS","PERSONNEL, PUBLIC GRIEVANCES AND PENSIONS",
petroleum-and-natural-gas,PETROLEUM AND NATURAL GAS,PETROLEUM AND NATURAL GAS,
planning,PLANNING,PLANNING,
power,POWER,POWER,
prime-minister,PRIME MINISTER,PRIME MINISTER,
railways,RAILWAYS,RAILWAYS,
road-transport-and-highways,ROAD TRANSPORT AND HIGHWAYS,ROAD TRANSPORT AND HIGHWAYS,
rural-development,RURAL DEVELOPMENT,RURAL DEVELOPMENT,
science-and-technology,SCIENCE AND TECHNOLOGY,SCIENCE AND TECHNOLOGY,
shipping,"PORTS, SHIPPING AND WATERWAYS","PORTS, SHIPPING AND WATERWAYS|SHIPPING",SHIPPING
skill-development-and-entrepreneurship,SKILL DEVELOPMENT AND ENTREPRENEURSHIP,SKILL DEVELOPMENT AND ENTREPRENEURSHIP,
social-justice-and-empowerment,SOCIAL JUSTICE AND EMPOWERMENT,SOCIAL JUSTICE AND EMPOWERMENT,
space,SPACE,SPACE,
statistics-and-programme-implementation,STATISTICS AND PROGRAMME IMPLEMENTATION,STATISTICS AND PROGRAMME IMPLEMENTATION,
steel,STEEL,STEEL,
textiles,TEXTILES,TEXTILES,
tourism,TOURISM,TOURISM,
tribal-affairs,TRIBAL AFFAIRS,TRIBAL AFFAIRS,
women-and-child-development,WOMEN AND CHILD DEVELOPMENT,WOMEN AND CHILD DEVELOPMENT,
youth-affairs-and-sports,YOUTH AFFAIRS AND SPORTS,YOUTH AFFAIRS AND SPORTS,
