session_id,house,term,number,start_date,end_date,sitting_days
lok-sabha/17/1,lok-sabha,17,1,not stated,,37
lok-sabha/17/2,lok-sabha,17,2,not stated,,20
lok-sabha/17/3,lok-sabha,17,3,not stated,,23
lok-sabha/17/4,lok-sabha,17,4,not stated,,10
lok-sabha/17/5,lok-sabha,17,5,not stated,,25
lok-sabha/17/6,lok-sabha,17,6,not stated,,18
lok-sabha/17/7,lok-sabha,17,7,not stated,,18
lok-sabha/17/8,lok-sabha,17,8,not stated,,28
lok-sabha/17/9,lok-sabha,17,9,not stated,,16
lok-sabha/17/10,lok-sabha,17,10,not stated,,13
lok-sabha/17/11,lok-sabha,17,11,not stated,,27
lok-sabha/17/12,lok-sabha,17,12,not stated,,17
lok-sabha/17/14,lok-sabha,17,14,not stated,,14
lok-sabha/17/15,lok-sabha,17,15,not stated,,9
lok-sabha/18/2,lok-sabha,18,2,not stated,,15
lok-sabha/18/3,lok-sabha,18,3,not stated,,20
lok-sabha/18/4,lok-sabha,18,4,not stated,,27
lok-sabha/18/5,lok-sabha,18,5,not stated,,21
lok-sabha/18/6,lok-sabha,18,6,not stated,,15
lok-sabha/18/7,lok-sabha,18,7,not stated,,28
lok-sabha/18/8,lok-sabha,18,8,not stated,,0
