question_id,house,session,date,type,subject,ministry_id,asking_members,resolution_status,source_record_ref,last_refreshed
lok-sabha/17/12/unstarred/3520,lok-sabha,lok-sabha/17/12,2023-08-10,UNSTARRED,Guidelines for Restoration of Water Bodies,jal-shakti,ls-5122|ls-4516,resolved,/api_ls/question/qetFilteredQuestionsAns#lok-sabha/17/12/unstarred/3520,2026-10-10
lok-sabha/17/12/unstarred/3423,lok-sabha,lok-sabha/17/12,2023-08-09,UNSTARRED,Operation of Suspended Shuttle Trains,railways,ls-4516,resolved,/api_ls/question/qetFilteredQuestionsAns#lok-sabha/17/12/unstarred/3423,2026-10-10
lok-sabha/17/12/unstarred/2730,lok-sabha,lok-sabha/17/12,2023-08-04,UNSTARRED,Saksham Anganwadi and POSHAN 2.0 Scheme,women-and-child-development,ls-4516,resolved,/api_ls/question/qetFilteredQuestionsAns#lok-sabha/17/12/unstarred/2730,2026-10-10
lok-sabha/17/12/unstarred/2490,lok-sabha,lok-sabha/17/12,2023-08-03,UNSTARRED,Water Logging on NHs,road-transport-and-highways,ls-4516,resolved,/api_ls/question/qetFilteredQuestionsAns#lok-sabha/17/12/unstarred/2490,2026-10-10
lok-sabha/17/12/unstarred/2288,lok-sabha,lok-sabha/17/12,2023-08-02,UNSTARRED,Misleading advertisement through Social Media,electronics-and-information-technology,ls-4516,resolved,/api_ls/question/qetFilteredQuestionsAns#lok-sabha/17/12/unstarred/2288,2026-10-10
lok-sabha/17/12/unstarred/2120,lok-sabha,lok-sabha/17/12,2023-08-02,UNSTARRED,Kavach Protection System,railways,ls-5096|ls-4516|ls-4960,unresolved,/api_ls/question/qetFilteredQuestionsAns#lok-sabha/17/12/unstarred/2120,2026-10-10
lok-sabha/17/12/unstarred/2053,lok-sabha,lok-sabha/17/12,2023-08-01,UNSTARRED,Circulation of Objectionable Live Streaming Adult Videos,information-and-broadcasting,ls-4516,resolved,/api_ls/question/qetFilteredQuestionsAns#lok-sabha/17/12/unstarred/2053,2026-10-10
lok-sabha/17/12/unstarred/1950,lok-sabha,lok-sabha/17/12,2023-08-01,UNSTARRED,Incentives to Farmers,agriculture-and-farmers-welfare,ls-5118|ls-4516,resolved,/api_ls/question/qetFilteredQuestionsAns#lok-sabha/17/12/unstarred/1950,2026-10-10
lok-sabha/17/12/unstarred/1797,lok-sabha,lok-sabha/17/12,2023-07-31,UNSTARRED,Funds for Rejuvenation of Rivers/Lakes,environment-forests-and-climate-change,ls-4516,resolved,/api_ls/question/qetFilteredQuestionsAns#lok-sabha/17/12/unstarred/1797,2026-10-10
lok-sabha/17/12/unstarred/1579,lok-sabha,lok-sabha/17/12,2023-07-28,UNSTARRED,Use of Indigenously Manufactured Drugs,chemicals-and-fertilizers,ls-4516,resolved,/api_ls/question/qetFilteredQuestionsAns#lok-sabha/17/12/unstarred/1579,2026-10-10
lok-sabha/17/12/unstarred/1330,lok-sabha,lok-sabha/17/12,2023-07-27,UNSTARRED,AMRUT,housing-and-urban-affairs,ls-4516,resolved,/api_ls/question/qetFilteredQuestionsAns#lok-sabha/17/12/unstarred/1330,2026-10-10
lok-sabha/17/12/unstarred/1117,lok-sabha,lok-sabha/17/12,2023-07-26,UNSTARRED,Subsidy to Industries,commerce-and-industry,ls-4516,resolved,/api_ls/question/qetFilteredQuestionsAns#lok-sabha/17/12/unstarred/1117,2026-10-10
lok-sabha/17/12/unstarred/843,lok-sabha,lok-sabha/17/12,2023-07-25,UNSTARRED,Drug De-addiction Centers,social-justice-and-empowerment,ls-4516,resolved,/api_ls/question/qetFilteredQuestionsAns#lok-sabha/17/12/unstarred/843,2026-10-10
lok-sabha/17/12/unstarred/669,lok-sabha,lok-sabha/17/12,2023-07-24,UNSTARRED,Prevent Child Labour,labour-and-employment,ls-4516,resolved,/api_ls/question/qetFilteredQuestionsAns#lok-sabha/17/12/unstarred/669,2026-10-10
lok-sabha/17/12/unstarred/580,lok-sabha,lok-sabha/17/12,2023-07-24,UNSTARRED,Survey on Extinct/Endangered Wildlife Species,environment-forests-and-climate-change,ls-5209|ls-4516,resolved,/api_ls/question/qetFilteredQuestionsAns#lok-sabha/17/12/unstarred/580,2026-10-10
lok-sabha/17/12/starred/40,lok-sabha,lok-sabha/17/12,2023-07-21,STARRED,Subsidies for Setting up of Non-Government Dispensaries,health-and-family-welfare,ls-4516,resolved,/api_ls/question/qetFilteredQuestionsAns#lok-sabha/17/12/starred/40,2026-10-10
lok-sabha/17/12/unstarred/158,lok-sabha,lok-sabha/17/12,2023-07-20,UNSTARRED,Expansion of Airports in Madhya Pradesh,civil-aviation,ls-4516,resolved,/api_ls/question/qetFilteredQuestionsAns#lok-sabha/17/12/unstarred/158,2026-10-10
lok-sabha/17/11/unstarred/5262,lok-sabha,lok-sabha/17/11,2023-04-03,UNSTARRED,Monuments Declared as Monuments of National Importance in Madhya Pradesh,culture,ls-4516,resolved,/api_ls/question/qetFilteredQuestionsAns#lok-sabha/17/11/unstarred/5262,2026-10-10
lok-sabha/17/11/unstarred/4995,lok-sabha,lok-sabha/17/11,2023-03-31,UNSTARRED,Medical Education in Madhya Pradesh,health-and-family-welfare,ls-4516,resolved,/api_ls/question/qetFilteredQuestionsAns#lok-sabha/17/11/unstarred/4995,2026-10-10
lok-sabha/17/11/unstarred/4363,lok-sabha,lok-sabha/17/11,2023-03-27,UNSTARRED,Endangered Wildlife Species,environment-forests-and-climate-change,ls-4516,resolved,/api_ls/question/qetFilteredQuestionsAns#lok-sabha/17/11/unstarred/4363,2026-10-10
lok-sabha/17/11/unstarred/4115,lok-sabha,lok-sabha/17/11,2023-03-24,UNSTARRED,Research on Non-communicable Diseases,health-and-family-welfare,ls-4516,resolved,/api_ls/question/qetFilteredQuestionsAns#lok-sabha/17/11/unstarred/4115,2026-10-10
lok-sabha/17/11/unstarred/3862,lok-sabha,lok-sabha/17/11,2023-03-23,UNSTARRED,Drainage Problem along NHs,road-transport-and-highways,ls-4516,resolved,/api_ls/question/qetFilteredQuestionsAns#lok-sabha/17/11/unstarred/3862,2026-10-10
lok-sabha/17/11/unstarred/3512,lok-sabha,lok-sabha/17/11,2023-03-22,UNSTARRED,Quality of Food in Madhya Pradesh,consumer-affairs-food-and-public-distribution,ls-4516,resolved,/api_ls/question/qetFilteredQuestionsAns#lok-sabha/17/11/unstarred/3512,2026-10-10
lok-sabha/17/11/unstarred/3399,lok-sabha,lok-sabha/17/11,2023-03-21,UNSTARRED,Ban on Sulfas Drug,agriculture-and-farmers-welfare,ls-4516,resolved,/api_ls/question/qetFilteredQuestionsAns#lok-sabha/17/11/unstarred/3399,2026-10-10
lok-sabha/17/11/unstarred/2959,lok-sabha,lok-sabha/17/11,2023-03-17,UNSTARRED,Irregularities of Funds under NHM,health-and-family-welfare,ls-4516,resolved,/api_ls/question/qetFilteredQuestionsAns#lok-sabha/17/11/unstarred/2959,2026-10-10
lok-sabha/17/11/unstarred/2753,lok-sabha,lok-sabha/17/11,2023-03-16,UNSTARRED,Development of Airports under UDAN Scheme,civil-aviation,ls-4516,resolved,/api_ls/question/qetFilteredQuestionsAns#lok-sabha/17/11/unstarred/2753,2026-10-10
lok-sabha/17/11/unstarred/2272,lok-sabha,lok-sabha/17/11,2023-03-14,UNSTARRED,National Kamdhenu Breeding Centres,fisheries-animal-husbandry-and-dairying,ls-4516,resolved,/api_ls/question/qetFilteredQuestionsAns#lok-sabha/17/11/unstarred/2272,2026-10-10
lok-sabha/17/11/unstarred/2044,lok-sabha,lok-sabha/17/11,2023-03-13,UNSTARRED,Establishment of Polytechnic Colleges in M.P.,human-resource-development,ls-4516,resolved,/api_ls/question/qetFilteredQuestionsAns#lok-sabha/17/11/unstarred/2044,2026-10-10
lok-sabha/17/11/unstarred/1560,lok-sabha,lok-sabha/17/11,2023-02-10,UNSTARRED,Dues of Hospitals under Ayushman Bharat Yojana,health-and-family-welfare,ls-4516,resolved,/api_ls/question/qetFilteredQuestionsAns#lok-sabha/17/11/unstarred/1560,2026-10-10
lok-sabha/17/11/unstarred/1365,lok-sabha,lok-sabha/17/11,2023-02-09,UNSTARRED,Vehicle Tracking Platforms,road-transport-and-highways,ls-4516,resolved,/api_ls/question/qetFilteredQuestionsAns#lok-sabha/17/11/unstarred/1365,2026-10-10
lok-sabha/17/11/unstarred/898,lok-sabha,lok-sabha/17/11,2023-02-07,UNSTARRED,Imposing Restrictions on Fake News,information-and-broadcasting,ls-4516,resolved,/api_ls/question/qetFilteredQuestionsAns#lok-sabha/17/11/unstarred/898,2026-10-10
lok-sabha/17/11/unstarred/687,lok-sabha,lok-sabha/17/11,2023-02-06,UNSTARRED,Special Scheme for Displacement of Villages,environment-forests-and-climate-change,ls-4516,resolved,/api_ls/question/qetFilteredQuestionsAns#lok-sabha/17/11/unstarred/687,2026-10-10
lok-sabha/17/11/unstarred/390,lok-sabha,lok-sabha/17/11,2023-02-03,UNSTARRED,Rates fixed under Ayushman Bharat Yojana,health-and-family-welfare,ls-4516,resolved,/api_ls/question/qetFilteredQuestionsAns#lok-sabha/17/11/unstarred/390,2026-10-10
lok-sabha/17/11/unstarred/304,lok-sabha,lok-sabha/17/11,2023-02-03,UNSTARRED,Supply of Active Pharmaceuticals Ingredients,chemicals-and-fertilizers,ls-5122|ls-4516|ls-5028,resolved,/api_ls/question/qetFilteredQuestionsAns#lok-sabha/17/11/unstarred/304,2026-10-10
lok-sabha/17/11/unstarred/180,lok-sabha,lok-sabha/17/11,2023-02-02,UNSTARRED,Vehicle Location Tracking Device,road-transport-and-highways,ls-4516,resolved,/api_ls/question/qetFilteredQuestionsAns#lok-sabha/17/11/unstarred/180,2026-10-10
lok-sabha/17/10/starred/212,lok-sabha,lok-sabha/17/10,2022-12-21,STARRED,New Railway Projects in Madhya Pradesh,railways,ls-4516,resolved,/api_ls/question/qetFilteredQuestionsAns#lok-sabha/17/10/starred/212,2026-10-10
lok-sabha/17/10/unstarred/2036,lok-sabha,lok-sabha/17/10,2022-12-19,UNSTARRED,Sahara Group Investment in Credit Cooperative Societies,finance,ls-4516,resolved,/api_ls/question/qetFilteredQuestionsAns#lok-sabha/17/10/unstarred/2036,2026-10-10
lok-sabha/17/10/unstarred/1800,lok-sabha,lok-sabha/17/10,2022-12-16,UNSTARRED,Ambulance Services,health-and-family-welfare,ls-4516,resolved,/api_ls/question/qetFilteredQuestionsAns#lok-sabha/17/10/unstarred/1800,2026-10-10
lok-sabha/17/10/unstarred/1606,lok-sabha,lok-sabha/17/10,2022-12-15,UNSTARRED,Sanction of Road Works under CRIF,road-transport-and-highways,ls-4516,resolved,/api_ls/question/qetFilteredQuestionsAns#lok-sabha/17/10/unstarred/1606,2026-10-10
lok-sabha/17/10/unstarred/1349,lok-sabha,lok-sabha/17/10,2022-12-14,UNSTARRED,Fake BPL Cards,consumer-affairs-food-and-public-distribution,ls-4516,resolved,/api_ls/question/qetFilteredQuestionsAns#lok-sabha/17/10/unstarred/1349,2026-10-10
lok-sabha/17/10/unstarred/728,lok-sabha,lok-sabha/17/10,2022-12-12,UNSTARRED,ATM Fraud Cases,finance,ls-4667|ls-5208|ls-4516|ls-4654|ls-4709|ls-5204,resolved,/api_ls/question/qetFilteredQuestionsAns#lok-sabha/17/10/unstarred/728,2026-10-10
lok-sabha/17/10/unstarred/665,lok-sabha,lok-sabha/17/10,2022-12-09,UNSTARRED,Production of Aromatic and Medicinal Plants,ayurveda-yoga-naturopathy-unani-siddha-and-homeopathy-ayush,ls-4516,resolved,/api_ls/question/qetFilteredQuestionsAns#lok-sabha/17/10/unstarred/665,2026-10-10
lok-sabha/17/10/unstarred/444,lok-sabha,lok-sabha/17/10,2022-12-08,UNSTARRED,Installation of Solar Pump Plants,new-and-renewable-energy,ls-4516,resolved,/api_ls/question/qetFilteredQuestionsAns#lok-sabha/17/10/unstarred/444,2026-10-10
lok-sabha/17/10/unstarred/196,lok-sabha,lok-sabha/17/10,2022-12-07,UNSTARRED,5G Services by BSNL/MTNL,communications,ls-4516,resolved,/api_ls/question/qetFilteredQuestionsAns#lok-sabha/17/10/unstarred/196,2026-10-10
lok-sabha/17/9/unstarred/3468,lok-sabha,lok-sabha/17/9,2022-08-08,UNSTARRED,Alternatives to Single Use Plastic,environment-forests-and-climate-change,ls-4647|ls-4516,resolved,/api_ls/question/qetFilteredQuestionsAns#lok-sabha/17/9/unstarred/3468,2026-10-10
lok-sabha/17/9/unstarred/3393,lok-sabha,lok-sabha/17/9,2022-08-05,UNSTARRED,AYUSH Health Centre,ayurveda-yoga-naturopathy-unani-siddha-and-homeopathy-ayush,ls-4516,resolved,/api_ls/question/qetFilteredQuestionsAns#lok-sabha/17/9/unstarred/3393,2026-10-10
lok-sabha/17/9/unstarred/3213,lok-sabha,lok-sabha/17/9,2022-08-04,UNSTARRED,Construction Work on NH-12,road-transport-and-highways,ls-4516,resolved,/api_ls/question/qetFilteredQuestionsAns#lok-sabha/17/9/unstarred/3213,2026-10-10
lok-sabha/17/9/unstarred/2977,lok-sabha,lok-sabha/17/9,2022-08-03,UNSTARRED,Misleading News,electronics-and-information-technology,ls-4516|ls-5064|ls-4467|ls-5226|ls-527,resolved,/api_ls/question/qetFilteredQuestionsAns#lok-sabha/17/9/unstarred/2977,2026-10-10
lok-sabha/17/9/unstarred/2230,lok-sabha,lok-sabha/17/9,2022-07-29,UNSTARRED,"Irregularities in AIIMS, Bhopal",health-and-family-welfare,ls-4516,resolved,/api_ls/question/qetFilteredQuestionsAns#lok-sabha/17/9/unstarred/2230,2026-10-10
lok-sabha/17/9/unstarred/2030,lok-sabha,lok-sabha/17/9,2022-07-28,UNSTARRED,Increase in Ethanol production and blending,petroleum-and-natural-gas,ls-4516,resolved,/api_ls/question/qetFilteredQuestionsAns#lok-sabha/17/9/unstarred/2030,2026-10-10
lok-sabha/17/9/unstarred/1565,lok-sabha,lok-sabha/17/9,2022-07-26,UNSTARRED,Works done under MPCDF,fisheries-animal-husbandry-and-dairying,ls-4516,resolved,/api_ls/question/qetFilteredQuestionsAns#lok-sabha/17/9/unstarred/1565,2026-10-10
lok-sabha/17/9/unstarred/1377,lok-sabha,lok-sabha/17/9,2022-07-25,UNSTARRED,Plastic Pollution,environment-forests-and-climate-change,ls-4516,resolved,/api_ls/question/qetFilteredQuestionsAns#lok-sabha/17/9/unstarred/1377,2026-10-10
lok-sabha/17/9/unstarred/1096,lok-sabha,lok-sabha/17/9,2022-07-22,UNSTARRED,Export of Drugs and Pharmaceutical Products,chemicals-and-fertilizers,ls-4516,resolved,/api_ls/question/qetFilteredQuestionsAns#lok-sabha/17/9/unstarred/1096,2026-10-10
lok-sabha/17/9/unstarred/886,lok-sabha,lok-sabha/17/9,2022-07-21,UNSTARRED,Tracking of Passenger Service Vehicles,road-transport-and-highways,ls-4516,resolved,/api_ls/question/qetFilteredQuestionsAns#lok-sabha/17/9/unstarred/886,2026-10-10
lok-sabha/17/9/unstarred/667,lok-sabha,lok-sabha/17/9,2022-07-20,UNSTARRED,Ethanol Plant in MP,consumer-affairs-food-and-public-distribution,ls-4516,resolved,/api_ls/question/qetFilteredQuestionsAns#lok-sabha/17/9/unstarred/667,2026-10-10
lok-sabha/17/9/unstarred/373,lok-sabha,lok-sabha/17/9,2022-07-19,UNSTARRED,New National Youth Policy,youth-affairs-and-sports,ls-4516,resolved,/api_ls/question/qetFilteredQuestionsAns#lok-sabha/17/9/unstarred/373,2026-10-10
lok-sabha/17/9/unstarred/141,lok-sabha,lok-sabha/17/9,2022-07-18,UNSTARRED,MoU with France to Promote Tourism and Cultural Activities,culture,ls-4516,resolved,/api_ls/question/qetFilteredQuestionsAns#lok-sabha/17/9/unstarred/141,2026-10-10
lok-sabha/17/8/unstarred/4546,lok-sabha,lok-sabha/17/8,2022-03-30,UNSTARRED,Fake Social Media Accounts,electronics-and-information-technology,ls-4516,resolved,/api_ls/question/qetFilteredQuestionsAns#lok-sabha/17/8/unstarred/4546,2026-10-10
lok-sabha/17/8/unstarred/4360,lok-sabha,lok-sabha/17/8,2022-03-29,UNSTARRED,Testing of Seeds and Fertilizers,agriculture-and-farmers-welfare,ls-4516|ls-5142,resolved,/api_ls/question/qetFilteredQuestionsAns#lok-sabha/17/8/unstarred/4360,2026-10-10
lok-sabha/17/8/unstarred/4048,lok-sabha,lok-sabha/17/8,2022-03-28,UNSTARRED,Green India Mission,environment-forests-and-climate-change,ls-4516,unresolved,/api_ls/question/qetFilteredQuestionsAns#lok-sabha/17/8/unstarred/4048,2026-10-10
lok-sabha/17/8/unstarred/3900,lok-sabha,lok-sabha/17/8,2022-03-25,UNSTARRED,Development of Ayurveda/AYUSH System of Medicine,ayurveda-yoga-naturopathy-unani-siddha-and-homeopathy-ayush,ls-4516|ls-5071,resolved,/api_ls/question/qetFilteredQuestionsAns#lok-sabha/17/8/unstarred/3900,2026-10-10
lok-sabha/17/8/unstarred/3673,lok-sabha,lok-sabha/17/8,2022-03-24,UNSTARRED,Construction Quality of NHs,road-transport-and-highways,ls-4516,resolved,/api_ls/question/qetFilteredQuestionsAns#lok-sabha/17/8/unstarred/3673,2026-10-10
lok-sabha/17/8/unstarred/3393,lok-sabha,lok-sabha/17/8,2022-03-23,UNSTARRED,Stoppages of Trains in Madhya Pradesh,railways,ls-4516,resolved,/api_ls/question/qetFilteredQuestionsAns#lok-sabha/17/8/unstarred/3393,2026-10-10
lok-sabha/17/8/unstarred/3158,lok-sabha,lok-sabha/17/8,2022-03-22,UNSTARRED,Custom Hiring Centres,agriculture-and-farmers-welfare,ls-4516,resolved,/api_ls/question/qetFilteredQuestionsAns#lok-sabha/17/8/unstarred/3158,2026-10-10
lok-sabha/17/8/unstarred/2752,lok-sabha,lok-sabha/17/8,2022-03-17,UNSTARRED,Electrification of Households under SAUBHAGYA,power,ls-4516,resolved,/api_ls/question/qetFilteredQuestionsAns#lok-sabha/17/8/unstarred/2752,2026-10-10
lok-sabha/17/8/unstarred/2245,lok-sabha,lok-sabha/17/8,2022-03-15,UNSTARRED,Promotion of Fisheries,fisheries-animal-husbandry-and-dairying,ls-4516,resolved,/api_ls/question/qetFilteredQuestionsAns#lok-sabha/17/8/unstarred/2245,2026-10-10
lok-sabha/17/8/unstarred/2023,lok-sabha,lok-sabha/17/8,2022-03-14,UNSTARRED,Promotion of Eco-Tourism in Madhya Pradesh,tourism,ls-4516,resolved,/api_ls/question/qetFilteredQuestionsAns#lok-sabha/17/8/unstarred/2023,2026-10-10
lok-sabha/17/8/unstarred/1866,lok-sabha,lok-sabha/17/8,2022-03-14,UNSTARRED,Directions for Extended Producers Responsibility,environment-forests-and-climate-change,ls-5129|ls-4516,resolved,/api_ls/question/qetFilteredQuestionsAns#lok-sabha/17/8/unstarred/1866,2026-10-10
lok-sabha/17/8/unstarred/1800,lok-sabha,lok-sabha/17/8,2022-02-11,UNSTARRED,Sale of Spurious Durgs,health-and-family-welfare,ls-4516|ls-5125,resolved,/api_ls/question/qetFilteredQuestionsAns#lok-sabha/17/8/unstarred/1800,2026-10-10
lok-sabha/17/8/unstarred/1582,lok-sabha,lok-sabha/17/8,2022-02-10,UNSTARRED,Nal Jal Yojana in Madhya Pradesh,jal-shakti,ls-4516,resolved,/api_ls/question/qetFilteredQuestionsAns#lok-sabha/17/8/unstarred/1582,2026-10-10
lok-sabha/17/8/unstarred/1339,lok-sabha,lok-sabha/17/8,2022-02-09,UNSTARRED,Complaints against the RVNL Officers,railways,ls-4516|ls-4656|ls-5205,resolved,/api_ls/question/qetFilteredQuestionsAns#lok-sabha/17/8/unstarred/1339,2026-10-10
lok-sabha/17/8/unstarred/1084,lok-sabha,lok-sabha/17/8,2022-02-08,UNSTARRED,Fake and False News,information-and-broadcasting,ls-4516,resolved,/api_ls/question/qetFilteredQuestionsAns#lok-sabha/17/8/unstarred/1084,2026-10-10
lok-sabha/17/8/unstarred/887,lok-sabha,lok-sabha/17/8,2022-02-07,UNSTARRED,Frauds in UPI/Online Transactions,finance,ls-4516,resolved,/api_ls/question/qetFilteredQuestionsAns#lok-sabha/17/8/unstarred/887,2026-10-10
lok-sabha/17/8/unstarred/658,lok-sabha,lok-sabha/17/8,2022-02-04,UNSTARRED,Reducing the Risk of Third Wave of Pandemic,health-and-family-welfare,ls-4516,resolved,/api_ls/question/qetFilteredQuestionsAns#lok-sabha/17/8/unstarred/658,2026-10-10
lok-sabha/17/8/unstarred/401,lok-sabha,lok-sabha/17/8,2022-02-03,UNSTARRED,GST for Diesel and Petrol,petroleum-and-natural-gas,ls-4516,resolved,/api_ls/question/qetFilteredQuestionsAns#lok-sabha/17/8/unstarred/401,2026-10-10
lok-sabha/17/8/unstarred/39,lok-sabha,lok-sabha/17/8,2022-02-02,UNSTARRED,Complaints Regarding Corruption,railways,ls-4516,resolved,/api_ls/question/qetFilteredQuestionsAns#lok-sabha/17/8/unstarred/39,2026-10-10
lok-sabha/17/7/unstarred/3233,lok-sabha,lok-sabha/17/7,2021-12-17,UNSTARRED,Omicron Variant,health-and-family-welfare,ls-5208|ls-5079|ls-4323|ls-4996|ls-5132|ls-5117|ls-5202|ls-4781|ls-3987|ls-2554|ls-3754|ls-4571|ls-4516|ls-5531|ls-5183|ls-4750|ls-4619|ls-3926|ls-4752|ls-5533|ls-5192|ls-4709|ls-4373|ls-4705|ls-485|ls-4436|ls-5193|ls-4871|ls-4429|ls-4981|ls-4615|ls-5204,resolved,/api_ls/question/qetFilteredQuestionsAns#lok-sabha/17/7/unstarred/3233,2026-10-10
lok-sabha/17/7/unstarred/3090,lok-sabha,lok-sabha/17/7,2021-12-16,UNSTARRED,Use of Drones,civil-aviation,ls-4274|ls-4516|ls-4728|ls-4633,resolved,/api_ls/question/qetFilteredQuestionsAns#lok-sabha/17/7/unstarred/3090,2026-10-10
lok-sabha/17/7/unstarred/2951,lok-sabha,lok-sabha/17/7,2021-12-15,UNSTARRED,Rail Vikas Nigam Limited,railways,ls-4516,resolved,/api_ls/question/qetFilteredQuestionsAns#lok-sabha/17/7/unstarred/2951,2026-10-10
lok-sabha/17/7/unstarred/2753,lok-sabha,lok-sabha/17/7,2021-12-14,UNSTARRED,Impact of Web Series on Children and Youth,information-and-broadcasting,ls-4516,resolved,/api_ls/question/qetFilteredQuestionsAns#lok-sabha/17/7/unstarred/2753,2026-10-10
lok-sabha/17/7/unstarred/2502,lok-sabha,lok-sabha/17/7,2021-12-13,UNSTARRED,District-wise Kendriya Vidyalayas,human-resource-development,ls-4516|ls-5106,resolved,/api_ls/question/qetFilteredQuestionsAns#lok-sabha/17/7/unstarred/2502,2026-10-10
lok-sabha/17/7/unstarred/2281,lok-sabha,lok-sabha/17/7,2021-12-10,UNSTARRED,Shortage of Doctors and Medical Equipments in Health Centres,health-and-family-welfare,ls-4516,resolved,/api_ls/question/qetFilteredQuestionsAns#lok-sabha/17/7/unstarred/2281,2026-10-10
lok-sabha/17/7/unstarred/2017,lok-sabha,lok-sabha/17/7,2021-12-09,UNSTARRED,Power Supply in Small Village,power,ls-4516,resolved,/api_ls/question/qetFilteredQuestionsAns#lok-sabha/17/7/unstarred/2017,2026-10-10
lok-sabha/17/7/unstarred/1840,lok-sabha,lok-sabha/17/7,2021-12-08,UNSTARRED,Illegal Mining and Storage of Coal,coal,ls-4516,resolved,/api_ls/question/qetFilteredQuestionsAns#lok-sabha/17/7/unstarred/1840,2026-10-10
lok-sabha/17/7/unstarred/1527,lok-sabha,lok-sabha/17/7,2021-12-07,UNSTARRED,Homeless Beneficiaries under PMAY,rural-development,ls-4516,resolved,/api_ls/question/qetFilteredQuestionsAns#lok-sabha/17/7/unstarred/1527,2026-10-10
lok-sabha/17/7/unstarred/1365,lok-sabha,lok-sabha/17/7,2021-12-06,UNSTARRED,Funds to Eklavya Model Residential Schools (EMRS),tribal-affairs,ls-4516,resolved,/api_ls/question/qetFilteredQuestionsAns#lok-sabha/17/7/unstarred/1365,2026-10-10
lok-sabha/17/7/unstarred/925,lok-sabha,lok-sabha/17/7,2021-12-03,UNSTARRED,Population Control,health-and-family-welfare,ls-5195|ls-4516|ls-4734|ls-4715|ls-5189|ls-4411,resolved,/api_ls/question/qetFilteredQuestionsAns#lok-sabha/17/7/unstarred/925,2026-10-10
lok-sabha/17/7/unstarred/864,lok-sabha,lok-sabha/17/7,2021-12-02,UNSTARRED,Conversion of Road into Four-lane,road-transport-and-highways,ls-4516,resolved,/api_ls/question/qetFilteredQuestionsAns#lok-sabha/17/7/unstarred/864,2026-10-10
lok-sabha/17/7/unstarred/545,lok-sabha,lok-sabha/17/7,2021-12-01,UNSTARRED,Fake News,electronics-and-information-technology,ls-5030|ls-4274|ls-4516,resolved,/api_ls/question/qetFilteredQuestionsAns#lok-sabha/17/7/unstarred/545,2026-10-10
lok-sabha/17/7/unstarred/374,lok-sabha,lok-sabha/17/7,2021-11-30,UNSTARRED,Promotion of Fisheries,fisheries-animal-husbandry-and-dairying,ls-4516|ls-5030|ls-4274,resolved,/api_ls/question/qetFilteredQuestionsAns#lok-sabha/17/7/unstarred/374,2026-10-10
lok-sabha/17/7/unstarred/2,lok-sabha,lok-sabha/17/7,2021-11-29,UNSTARRED,Tribal Sub Plan,tribal-affairs,ls-5030|ls-4274|ls-4516,resolved,/api_ls/question/qetFilteredQuestionsAns#lok-sabha/17/7/unstarred/2,2026-10-10
lok-sabha/17/6/unstarred/3646,lok-sabha,lok-sabha/17/6,2021-08-10,UNSTARRED,Study on Agricultural Costs,agriculture-and-farmers-welfare,ls-4516,resolved,/api_ls/question/qetFilteredQuestionsAns#lok-sabha/17/6/unstarred/3646,2026-10-10
lok-sabha/17/6/unstarred/3549,lok-sabha,lok-sabha/17/6,2021-08-10,UNSTARRED,Aims and Objectives of NCDC,cooperation,ls-5148|ls-4982|ls-5151|ls-4516|ls-5178|ls-5174|ls-4570,resolved,/api_ls/question/qetFilteredQuestionsAns#lok-sabha/17/6/unstarred/3549,2026-10-10
lok-sabha/17/6/unstarred/3137,lok-sabha,lok-sabha/17/6,2021-08-06,UNSTARRED,Guidelines for the Possible Third Wave of Covid-19,health-and-family-welfare,ls-4516|ls-5134,resolved,/api_ls/question/qetFilteredQuestionsAns#lok-sabha/17/6/unstarred/3137,2026-10-10
lok-sabha/17/6/unstarred/2953,lok-sabha,lok-sabha/17/6,2021-08-05,UNSTARRED,Supply of Power to Households,power,ls-4516,resolved,/api_ls/question/qetFilteredQuestionsAns#lok-sabha/17/6/unstarred/2953,2026-10-10
lok-sabha/17/6/starred/220,lok-sabha,lok-sabha/17/6,2021-08-03,STARRED,Development of Gramin Agricultural Markets,agriculture-and-farmers-welfare,ls-4516,resolved,/api_ls/question/qetFilteredQuestionsAns#lok-sabha/17/6/starred/220,2026-10-10
lok-sabha/17/6/unstarred/2223,lok-sabha,lok-sabha/17/6,2021-08-02,UNSTARRED,Agricultural Loan,finance,ls-4516,resolved,/api_ls/question/qetFilteredQuestionsAns#lok-sabha/17/6/unstarred/2223,2026-10-10
lok-sabha/17/6/unstarred/1799,lok-sabha,lok-sabha/17/6,2021-07-29,UNSTARRED,Complaints Regarding Construction of NH-12,road-transport-and-highways,ls-4516,resolved,/api_ls/question/qetFilteredQuestionsAns#lok-sabha/17/6/unstarred/1799,2026-10-10
lok-sabha/17/6/unstarred/1595,lok-sabha,lok-sabha/17/6,2021-07-28,UNSTARRED,"Curb on Rumours, Illegal Advertisements and Fake News",electronics-and-information-technology,ls-4516,resolved,/api_ls/question/qetFilteredQuestionsAns#lok-sabha/17/6/unstarred/1595,2026-10-10
lok-sabha/17/6/unstarred/1300,lok-sabha,lok-sabha/17/6,2021-07-27,UNSTARRED,People Left out in the Survey under PMAY,rural-development,ls-4516,resolved,/api_ls/question/qetFilteredQuestionsAns#lok-sabha/17/6/unstarred/1300,2026-10-10
lok-sabha/17/6/starred/96,lok-sabha,lok-sabha/17/6,2021-07-26,STARRED,Uniformity in Prices of Petrol and Diesel,petroleum-and-natural-gas,ls-4516|ls-4702,resolved,/api_ls/question/qetFilteredQuestionsAns#lok-sabha/17/6/starred/96,2026-10-10
lok-sabha/17/6/unstarred/871,lok-sabha,lok-sabha/17/6,2021-07-23,UNSTARRED,Two Child Policy,health-and-family-welfare,ls-4516,resolved,/api_ls/question/qetFilteredQuestionsAns#lok-sabha/17/6/unstarred/871,2026-10-10
lok-sabha/17/6/unstarred/630,lok-sabha,lok-sabha/17/6,2021-07-22,UNSTARRED,Four-laning Project,road-transport-and-highways,ls-4516,resolved,/api_ls/question/qetFilteredQuestionsAns#lok-sabha/17/6/unstarred/630,2026-10-10
lok-sabha/17/6/unstarred/372,lok-sabha,lok-sabha/17/6,2021-07-20,UNSTARRED,Fishermen of Madhya Pradesh,fisheries-animal-husbandry-and-dairying,ls-4516,resolved,/api_ls/question/qetFilteredQuestionsAns#lok-sabha/17/6/unstarred/372,2026-10-10
lok-sabha/17/6/unstarred/154,lok-sabha,lok-sabha/17/6,2021-07-19,UNSTARRED,Bank Loan Defaulters,finance,ls-4516,resolved,/api_ls/question/qetFilteredQuestionsAns#lok-sabha/17/6/unstarred/154,2026-10-10
lok-sabha/17/5/unstarred/5005,lok-sabha,lok-sabha/17/5,2021-03-25,UNSTARRED,Construction of New Airport,civil-aviation,ls-4516,resolved,/api_ls/question/qetFilteredQuestionsAns#lok-sabha/17/5/unstarred/5005,2026-10-10
lok-sabha/17/5/unstarred/4765,lok-sabha,lok-sabha/17/5,2021-03-24,UNSTARRED,Upgradation of Coaches,railways,ls-4516,resolved,/api_ls/question/qetFilteredQuestionsAns#lok-sabha/17/5/unstarred/4765,2026-10-10
lok-sabha/17/5/unstarred/4515,lok-sabha,lok-sabha/17/5,2021-03-23,UNSTARRED,Effect of Chemical and Bio-fertilizers,agriculture-and-farmers-welfare,ls-4516,resolved,/api_ls/question/qetFilteredQuestionsAns#lok-sabha/17/5/unstarred/4515,2026-10-10
lok-sabha/17/5/unstarred/4308,lok-sabha,lok-sabha/17/5,2021-03-22,UNSTARRED,Bank Loan Defaulters,finance,ls-4516,resolved,/api_ls/question/qetFilteredQuestionsAns#lok-sabha/17/5/unstarred/4308,2026-10-10
lok-sabha/17/5/unstarred/4094,lok-sabha,lok-sabha/17/5,2021-03-19,UNSTARRED,Promotion of AYUSH Medicine System,ayurveda-yoga-naturopathy-unani-siddha-and-homeopathy-ayush,ls-4516,resolved,/api_ls/question/qetFilteredQuestionsAns#lok-sabha/17/5/unstarred/4094,2026-10-10
lok-sabha/17/5/unstarred/3991,lok-sabha,lok-sabha/17/5,2021-03-19,UNSTARRED,Two Child Policy to Control Population,health-and-family-welfare,ls-5100|ls-5086|ls-4516,resolved,/api_ls/question/qetFilteredQuestionsAns#lok-sabha/17/5/unstarred/3991,2026-10-10
lok-sabha/17/5/unstarred/3898,lok-sabha,lok-sabha/17/5,2021-03-18,UNSTARRED,Malpractices in JJM,jal-shakti,ls-4516,resolved,/api_ls/question/qetFilteredQuestionsAns#lok-sabha/17/5/unstarred/3898,2026-10-10
lok-sabha/17/5/unstarred/3418,lok-sabha,lok-sabha/17/5,2021-03-16,UNSTARRED,AatmaNirbhar Bharat Abhiyan in Fisheries,fisheries-animal-husbandry-and-dairying,ls-4516,resolved,/api_ls/question/qetFilteredQuestionsAns#lok-sabha/17/5/unstarred/3418,2026-10-10
lok-sabha/17/5/unstarred/3197,lok-sabha,lok-sabha/17/5,2021-03-15,UNSTARRED,Lease Proposals,tourism,ls-4516,resolved,/api_ls/question/qetFilteredQuestionsAns#lok-sabha/17/5/unstarred/3197,2026-10-10
lok-sabha/17/5/unstarred/2972,lok-sabha,lok-sabha/17/5,2021-03-12,UNSTARRED,Medical Colleges through PPP Mode,health-and-family-welfare,ls-4516,resolved,/api_ls/question/qetFilteredQuestionsAns#lok-sabha/17/5/unstarred/2972,2026-10-10
lok-sabha/17/5/unstarred/2543,lok-sabha,lok-sabha/17/5,2021-03-10,UNSTARRED,Laws Against Fake News,electronics-and-information-technology,ls-4516,resolved,/api_ls/question/qetFilteredQuestionsAns#lok-sabha/17/5/unstarred/2543,2026-10-10
lok-sabha/17/5/unstarred/2500,lok-sabha,lok-sabha/17/5,2021-03-09,UNSTARRED,Krishi Yantra Anudan Vitran Yojana,agriculture-and-farmers-welfare,ls-4516,resolved,/api_ls/question/qetFilteredQuestionsAns#lok-sabha/17/5/unstarred/2500,2026-10-10
lok-sabha/17/5/unstarred/2250,lok-sabha,lok-sabha/17/5,2021-03-08,UNSTARRED,Scholarship Scheme under TSP in Madhya Pradesh,tribal-affairs,ls-4516,resolved,/api_ls/question/qetFilteredQuestionsAns#lok-sabha/17/5/unstarred/2250,2026-10-10
lok-sabha/17/5/unstarred/2008,lok-sabha,lok-sabha/17/5,2021-02-12,UNSTARRED,All India Institute of Ayurveda,ayurveda-yoga-naturopathy-unani-siddha-and-homeopathy-ayush,ls-5063|ls-3832|ls-4516|ls-3986,resolved,/api_ls/question/qetFilteredQuestionsAns#lok-sabha/17/5/unstarred/2008,2026-10-10
lok-sabha/17/5/unstarred/1801,lok-sabha,lok-sabha/17/5,2021-02-11,UNSTARRED,NH Projects in Madhya Pradesh,road-transport-and-highways,ls-4516,resolved,/api_ls/question/qetFilteredQuestionsAns#lok-sabha/17/5/unstarred/1801,2026-10-10
lok-sabha/17/5/unstarred/1573,lok-sabha,lok-sabha/17/5,2021-02-10,UNSTARRED,Setting up of Solar Panels Plants,railways,ls-4516,resolved,/api_ls/question/qetFilteredQuestionsAns#lok-sabha/17/5/unstarred/1573,2026-10-10
lok-sabha/17/5/unstarred/1221,lok-sabha,lok-sabha/17/5,2021-02-09,UNSTARRED,In-situ Management of Crop Residue in Madhya Pradesh,agriculture-and-farmers-welfare,ls-4516,resolved,/api_ls/question/qetFilteredQuestionsAns#lok-sabha/17/5/unstarred/1221,2026-10-10
lok-sabha/17/5/unstarred/1146,lok-sabha,lok-sabha/17/5,2021-02-08,UNSTARRED,Pradhan Mantri Garib Kalyan Rojgar Abhiyan,labour-and-employment,ls-4516,resolved,/api_ls/question/qetFilteredQuestionsAns#lok-sabha/17/5/unstarred/1146,2026-10-10
lok-sabha/17/5/unstarred/904,lok-sabha,lok-sabha/17/5,2021-02-05,UNSTARRED,Smartphones for Anganwadi Workers,women-and-child-development,ls-4516,resolved,/api_ls/question/qetFilteredQuestionsAns#lok-sabha/17/5/unstarred/904,2026-10-10
lok-sabha/17/5/unstarred/740,lok-sabha,lok-sabha/17/5,2021-02-05,UNSTARRED,Medical Colleges,health-and-family-welfare,ls-4585|ls-4696|ls-5188|ls-4373|ls-5031|ls-4765|ls-4516|ls-4918|ls-5180|ls-4949|ls-4816|ls-5209|ls-5153|ls-5223,resolved,/api_ls/question/qetFilteredQuestionsAns#lok-sabha/17/5/unstarred/740,2026-10-10
lok-sabha/17/5/unstarred/419,lok-sabha,lok-sabha/17/5,2021-02-03,UNSTARRED,Poor Services of BSNL,communications,ls-4516,resolved,/api_ls/question/qetFilteredQuestionsAns#lok-sabha/17/5/unstarred/419,2026-10-10
lok-sabha/17/5/unstarred/152,lok-sabha,lok-sabha/17/5,2021-02-02,UNSTARRED,Compensation for Crop Damage,agriculture-and-farmers-welfare,ls-4516,resolved,/api_ls/question/qetFilteredQuestionsAns#lok-sabha/17/5/unstarred/152,2026-10-10
lok-sabha/17/5/unstarred/51,lok-sabha,lok-sabha/17/5,2021-02-02,UNSTARRED,Special Schemes during Corona Pandemic,rural-development,ls-4710|ls-4516,resolved,/api_ls/question/qetFilteredQuestionsAns#lok-sabha/17/5/unstarred/51,2026-10-10
lok-sabha/17/4/unstarred/2281,lok-sabha,lok-sabha/17/4,2020-09-23,UNSTARRED,Shortage of Specialists Doctors in Rural Areas,health-and-family-welfare,ls-4516|ls-5137,resolved,/api_ls/question/qetFilteredQuestionsAns#lok-sabha/17/4/unstarred/2281,2026-10-10
lok-sabha/17/4/unstarred/2114,lok-sabha,lok-sabha/17/4,2020-09-23,UNSTARRED,Biological Diversity Act,environment-forests-and-climate-change,ls-4516,resolved,/api_ls/question/qetFilteredQuestionsAns#lok-sabha/17/4/unstarred/2114,2026-10-10
lok-sabha/17/4/unstarred/1987,lok-sabha,lok-sabha/17/4,2020-09-22,UNSTARRED,Recharge of Depleting Water Level,jal-shakti,ls-4516,resolved,/api_ls/question/qetFilteredQuestionsAns#lok-sabha/17/4/unstarred/1987,2026-10-10
lok-sabha/17/4/unstarred/1727,lok-sabha,lok-sabha/17/4,2020-09-21,UNSTARRED,Ordnance Manufacturing Industries and Laboratories,defence,ls-4516,resolved,/api_ls/question/qetFilteredQuestionsAns#lok-sabha/17/4/unstarred/1727,2026-10-10
lok-sabha/17/4/unstarred/1499,lok-sabha,lok-sabha/17/4,2020-09-20,UNSTARRED,Low Price of Paddy and Pulses,agriculture-and-farmers-welfare,ls-4516,resolved,/api_ls/question/qetFilteredQuestionsAns#lok-sabha/17/4/unstarred/1499,2026-10-10
lok-sabha/17/3/unstarred/4542,lok-sabha,lok-sabha/17/3,2020-03-20,UNSTARRED,Biodiversity Act,environment-forests-and-climate-change,ls-4516,resolved,/api_ls/question/qetFilteredQuestionsAns#lok-sabha/17/3/unstarred/4542,2026-10-10
lok-sabha/17/3/starred/366,lok-sabha,lok-sabha/17/3,2020-03-19,STARRED,Encroachment on NHs Land,road-transport-and-highways,ls-4516,resolved,/api_ls/question/qetFilteredQuestionsAns#lok-sabha/17/3/starred/366,2026-10-10
lok-sabha/17/3/starred/300,lok-sabha,lok-sabha/17/3,2020-03-13,STARRED,Impact of Plastic Waste on Animals,environment-forests-and-climate-change,ls-4516,resolved,/api_ls/question/qetFilteredQuestionsAns#lok-sabha/17/3/starred/300,2026-10-10
lok-sabha/17/3/starred/277,lok-sabha,lok-sabha/17/3,2020-03-12,STARRED,Drainage System along National Highways,road-transport-and-highways,ls-4516,resolved,/api_ls/question/qetFilteredQuestionsAns#lok-sabha/17/3/starred/277,2026-10-10
lok-sabha/17/3/unstarred/2935,lok-sabha,lok-sabha/17/3,2020-03-11,UNSTARRED,ROBs/RUBs  in Madhya Pradesh,railways,ls-4516,resolved,/api_ls/question/qetFilteredQuestionsAns#lok-sabha/17/3/unstarred/2935,2026-10-10
lok-sabha/17/3/unstarred/2522,lok-sabha,lok-sabha/17/3,2020-03-05,UNSTARRED,Decreasing Ground Water Level,jal-shakti,ls-4516,resolved,/api_ls/question/qetFilteredQuestionsAns#lok-sabha/17/3/unstarred/2522,2026-10-10
lok-sabha/17/3/unstarred/1996,lok-sabha,lok-sabha/17/3,2020-03-03,UNSTARRED,Price of Pulses,agriculture-and-farmers-welfare,ls-4516,resolved,/api_ls/question/qetFilteredQuestionsAns#lok-sabha/17/3/unstarred/1996,2026-10-10
lok-sabha/17/3/unstarred/1785,lok-sabha,lok-sabha/17/3,2020-03-02,UNSTARRED,Kendriya Vidyalayas,human-resource-development,ls-4516,resolved,/api_ls/question/qetFilteredQuestionsAns#lok-sabha/17/3/unstarred/1785,2026-10-10
lok-sabha/17/3/unstarred/1563,lok-sabha,lok-sabha/17/3,2020-02-11,UNSTARRED,Small Soil Testing Laboratories,agriculture-and-farmers-welfare,ls-4516,resolved,/api_ls/question/qetFilteredQuestionsAns#lok-sabha/17/3/unstarred/1563,2026-10-10
lok-sabha/17/3/unstarred/1311,lok-sabha,lok-sabha/17/3,2020-02-10,UNSTARRED,Scheme to Improve Quality of Education,human-resource-development,ls-4516,resolved,/api_ls/question/qetFilteredQuestionsAns#lok-sabha/17/3/unstarred/1311,2026-10-10
lok-sabha/17/3/unstarred/1196,lok-sabha,lok-sabha/17/3,2020-02-10,UNSTARRED,MoUs under ‘Adopt a Heritage’ Scheme,tourism,ls-5099|ls-4516|ls-4295|ls-5182|ls-5123,resolved,/api_ls/question/qetFilteredQuestionsAns#lok-sabha/17/3/unstarred/1196,2026-10-10
lok-sabha/17/3/unstarred/1058,lok-sabha,lok-sabha/17/3,2020-02-07,UNSTARRED,"Complaints filed under FSSAI Act, 2006",health-and-family-welfare,ls-4972|ls-4516|ls-4758,resolved,/api_ls/question/qetFilteredQuestionsAns#lok-sabha/17/3/unstarred/1058,2026-10-10
lok-sabha/17/3/unstarred/982,lok-sabha,lok-sabha/17/3,2020-02-07,UNSTARRED,Establishment of Medical Colleges,health-and-family-welfare,ls-5178|ls-5189|ls-4765|ls-4516|ls-5209|ls-4996|ls-5205|ls-4696|ls-4750|ls-3984|ls-4964|ls-5075,resolved,/api_ls/question/qetFilteredQuestionsAns#lok-sabha/17/3/unstarred/982,2026-10-10
lok-sabha/17/3/starred/68,lok-sabha,lok-sabha/17/3,2020-02-06,STARRED,Depletion of Ground Water Level,jal-shakti,ls-4516,resolved,/api_ls/question/qetFilteredQuestionsAns#lok-sabha/17/3/starred/68,2026-10-10
lok-sabha/17/3/unstarred/674,lok-sabha,lok-sabha/17/3,2020-02-05,UNSTARRED,Electrification of Jabalpur-Itarsi Rail Line,railways,ls-4516,resolved,/api_ls/question/qetFilteredQuestionsAns#lok-sabha/17/3/unstarred/674,2026-10-10
lok-sabha/17/3/unstarred/355,lok-sabha,lok-sabha/17/3,2020-02-04,UNSTARRED,Promotion of Biofertilizers,agriculture-and-farmers-welfare,ls-4516,resolved,/api_ls/question/qetFilteredQuestionsAns#lok-sabha/17/3/unstarred/355,2026-10-10
lok-sabha/17/3/unstarred/160,lok-sabha,lok-sabha/17/3,2020-02-03,UNSTARRED,Fraud by LPG Distribution Centres,petroleum-and-natural-gas,ls-4516,resolved,/api_ls/question/qetFilteredQuestionsAns#lok-sabha/17/3/unstarred/160,2026-10-10
lok-sabha/17/2/unstarred/3410,lok-sabha,lok-sabha/17/2,2019-12-09,UNSTARRED,Fake Cases in LPG Distribution,petroleum-and-natural-gas,ls-4516,resolved,/api_ls/question/qetFilteredQuestionsAns#lok-sabha/17/2/unstarred/3410,2026-10-10
lok-sabha/17/2/unstarred/3214,lok-sabha,lok-sabha/17/2,2019-12-06,UNSTARRED,Van Gram Vikas Yojana,environment-forests-and-climate-change,ls-4516,resolved,/api_ls/question/qetFilteredQuestionsAns#lok-sabha/17/2/unstarred/3214,2026-10-10
lok-sabha/17/2/unstarred/2995,lok-sabha,lok-sabha/17/2,2019-12-06,UNSTARRED,Food Adulteration,health-and-family-welfare,ls-4696|ls-4961|ls-4516|ls-5165,resolved,/api_ls/question/qetFilteredQuestionsAns#lok-sabha/17/2/unstarred/2995,2026-10-10
lok-sabha/17/2/unstarred/2931,lok-sabha,lok-sabha/17/2,2019-12-05,UNSTARRED,New Airports,civil-aviation,ls-4516,resolved,/api_ls/question/qetFilteredQuestionsAns#lok-sabha/17/2/unstarred/2931,2026-10-10
lok-sabha/17/2/unstarred/2488,lok-sabha,lok-sabha/17/2,2019-12-03,UNSTARRED,Distribution of Tricycles and Equipments to Differently Abled Persons,social-justice-and-empowerment,ls-4516,resolved,/api_ls/question/qetFilteredQuestionsAns#lok-sabha/17/2/unstarred/2488,2026-10-10
lok-sabha/17/2/unstarred/2281,lok-sabha,lok-sabha/17/2,2019-12-02,UNSTARRED,Funds to Madhya Pradesh under PMKVY,skill-development-and-entrepreneurship,ls-4516,resolved,/api_ls/question/qetFilteredQuestionsAns#lok-sabha/17/2/unstarred/2281,2026-10-10
lok-sabha/17/2/starred/159,lok-sabha,lok-sabha/17/2,2019-11-28,STARRED,Khelo India Scheme,youth-affairs-and-sports,ls-4516,resolved,/api_ls/question/qetFilteredQuestionsAns#lok-sabha/17/2/starred/159,2026-10-10
lok-sabha/17/2/unstarred/1553,lok-sabha,lok-sabha/17/2,2019-11-27,UNSTARRED,Rail Projects in Madhya Pradesh,railways,ls-4516,resolved,/api_ls/question/qetFilteredQuestionsAns#lok-sabha/17/2/unstarred/1553,2026-10-10
lok-sabha/17/2/unstarred/1432,lok-sabha,lok-sabha/17/2,2019-11-27,UNSTARRED,FDI and Private Participation in Defence Production,defence,ls-4571|ls-4516|ls-5177|ls-5169,resolved,/api_ls/question/qetFilteredQuestionsAns#lok-sabha/17/2/unstarred/1432,2026-10-10
lok-sabha/17/2/unstarred/1127,lok-sabha,lok-sabha/17/2,2019-11-22,UNSTARRED,Ill-effects of Chemicals of Plastics,environment-forests-and-climate-change,ls-4516,resolved,/api_ls/question/qetFilteredQuestionsAns#lok-sabha/17/2/unstarred/1127,2026-10-10
lok-sabha/17/2/unstarred/975,lok-sabha,lok-sabha/17/2,2019-11-22,UNSTARRED,Medical Colleges under the CSS,health-and-family-welfare,ls-5123|ls-5211|ls-5099|ls-4086|ls-4516,unresolved,/api_ls/question/qetFilteredQuestionsAns#lok-sabha/17/2/unstarred/975,2026-10-10
lok-sabha/17/2/unstarred/875,lok-sabha,lok-sabha/17/2,2019-11-21,UNSTARRED,PM-KUSUM,new-and-renewable-energy,ls-4516,resolved,/api_ls/question/qetFilteredQuestionsAns#lok-sabha/17/2/unstarred/875,2026-10-10
lok-sabha/17/2/unstarred/546,lok-sabha,lok-sabha/17/2,2019-11-20,UNSTARRED,Loss Incurred by BSNL and MTNL,communications,ls-4735|ls-4516,resolved,/api_ls/question/qetFilteredQuestionsAns#lok-sabha/17/2/unstarred/546,2026-10-10
lok-sabha/17/2/unstarred/478,lok-sabha,lok-sabha/17/2,2019-11-20,UNSTARRED,Privatization of Trains,railways,ls-4606|ls-4516|ls-4444|ls-4086|ls-4633|ls-4788|ls-5124|ls-4965,unresolved,/api_ls/question/qetFilteredQuestionsAns#lok-sabha/17/2/unstarred/478,2026-10-10
lok-sabha/17/2/unstarred/398,lok-sabha,lok-sabha/17/2,2019-11-19,UNSTARRED,Promotion of Animal Husbandry and Dairying,fisheries-animal-husbandry-and-dairying,ls-4516,resolved,/api_ls/question/qetFilteredQuestionsAns#lok-sabha/17/2/unstarred/398,2026-10-10
lok-sabha/17/2/unstarred/381,lok-sabha,lok-sabha/17/2,2019-11-19,UNSTARRED,Spurious Manure and Chemical Fertilizers,agriculture-and-farmers-welfare,ls-5157|ls-4516,resolved,/api_ls/question/qetFilteredQuestionsAns#lok-sabha/17/2/unstarred/381,2026-10-10
lok-sabha/17/2/unstarred/102,lok-sabha,lok-sabha/17/2,2019-11-18,UNSTARRED,New Kendriya Vidyalayas,human-resource-development,ls-4516,resolved,/api_ls/question/qetFilteredQuestionsAns#lok-sabha/17/2/unstarred/102,2026-10-10
lok-sabha/17/1/unstarred/5614,lok-sabha,lok-sabha/17/1,2019-07-26,UNSTARRED,Shortage of Doctors in PHCs,health-and-family-welfare,ls-4516,resolved,/api_ls/question/qetFilteredQuestionsAns#lok-sabha/17/1/unstarred/5614,2026-10-10
lok-sabha/17/1/unstarred/5366,lok-sabha,lok-sabha/17/1,2019-07-25,UNSTARRED,Construction of New Airports,civil-aviation,ls-4516,resolved,/api_ls/question/qetFilteredQuestionsAns#lok-sabha/17/1/unstarred/5366,2026-10-10
lok-sabha/17/1/unstarred/4723,lok-sabha,lok-sabha/17/1,2019-07-22,UNSTARRED,Education in Tribal Areas,tribal-affairs,ls-4516,resolved,/api_ls/question/qetFilteredQuestionsAns#lok-sabha/17/1/unstarred/4723,2026-10-10
lok-sabha/17/1/unstarred/4459,lok-sabha,lok-sabha/17/1,2019-07-19,UNSTARRED,Upgradation of Ayush Hospitals,ayurveda-yoga-naturopathy-unani-siddha-and-homeopathy-ayush,ls-4516,resolved,/api_ls/question/qetFilteredQuestionsAns#lok-sabha/17/1/unstarred/4459,2026-10-10
lok-sabha/17/1/unstarred/4248,lok-sabha,lok-sabha/17/1,2019-07-18,UNSTARRED,Agreement for Modernisation and Development of Air Service,civil-aviation,ls-4516,resolved,/api_ls/question/qetFilteredQuestionsAns#lok-sabha/17/1/unstarred/4248,2026-10-10
lok-sabha/17/1/unstarred/3596,lok-sabha,lok-sabha/17/1,2019-07-15,UNSTARRED,School Education,human-resource-development,ls-4516,resolved,/api_ls/question/qetFilteredQuestionsAns#lok-sabha/17/1/unstarred/3596,2026-10-10
lok-sabha/17/1/unstarred/3326,lok-sabha,lok-sabha/17/1,2019-07-12,UNSTARRED,Medical College and Hospital in MP,health-and-family-welfare,ls-4516,resolved,/api_ls/question/qetFilteredQuestionsAns#lok-sabha/17/1/unstarred/3326,2026-10-10
lok-sabha/17/1/unstarred/3096,lok-sabha,lok-sabha/17/1,2019-07-11,UNSTARRED,Promotion of Solar Energy System,new-and-renewable-energy,ls-4516,resolved,/api_ls/question/qetFilteredQuestionsAns#lok-sabha/17/1/unstarred/3096,2026-10-10
lok-sabha/17/1/unstarred/2831,lok-sabha,lok-sabha/17/1,2019-07-10,UNSTARRED,T-18 Train,railways,ls-4516|ls-4777,resolved,/api_ls/question/qetFilteredQuestionsAns#lok-sabha/17/1/unstarred/2831,2026-10-10
lok-sabha/17/1/unstarred/2576,lok-sabha,lok-sabha/17/1,2019-07-09,UNSTARRED,Deployment of CRPF Personnel in Remote Areas,home-affairs,ls-4516,resolved,/api_ls/question/qetFilteredQuestionsAns#lok-sabha/17/1/unstarred/2576,2026-10-10
lok-sabha/17/1/unstarred/2383,lok-sabha,lok-sabha/17/1,2019-07-08,UNSTARRED,New Sanskrit Schools,human-resource-development,ls-4516,resolved,/api_ls/question/qetFilteredQuestionsAns#lok-sabha/17/1/unstarred/2383,2026-10-10
lok-sabha/17/1/unstarred/2130,lok-sabha,lok-sabha/17/1,2019-07-04,UNSTARRED,Accidents and Traffic Jam in Madhya Pradesh,road-transport-and-highways,ls-4516,resolved,/api_ls/question/qetFilteredQuestionsAns#lok-sabha/17/1/unstarred/2130,2026-10-10
lok-sabha/17/1/unstarred/1915,lok-sabha,lok-sabha/17/1,2019-07-03,UNSTARRED,Indian Cyber Crime Coordination Centre and Cyber Police Force,electronics-and-information-technology,ls-4516,resolved,/api_ls/question/qetFilteredQuestionsAns#lok-sabha/17/1/unstarred/1915,2026-10-10
lok-sabha/17/1/unstarred/1649,lok-sabha,lok-sabha/17/1,2019-07-02,UNSTARRED,Stock Limit of Arhar Dal,consumer-affairs-food-and-public-distribution,ls-4516,resolved,/api_ls/question/qetFilteredQuestionsAns#lok-sabha/17/1/unstarred/1649,2026-10-10
lok-sabha/17/1/unstarred/1412,lok-sabha,lok-sabha/17/1,2019-07-01,UNSTARRED,Change in Labour Laws,labour-and-employment,ls-4516|ls-4927,resolved,/api_ls/question/qetFilteredQuestionsAns#lok-sabha/17/1/unstarred/1412,2026-10-10
lok-sabha/17/1/unstarred/1207,lok-sabha,lok-sabha/17/1,2019-06-28,UNSTARRED,Population Growth,health-and-family-welfare,ls-4516|ls-5174|ls-5107|ls-4601,resolved,/api_ls/question/qetFilteredQuestionsAns#lok-sabha/17/1/unstarred/1207,2026-10-10
lok-sabha/17/1/unstarred/1056,lok-sabha,lok-sabha/17/1,2019-06-27,UNSTARRED,Water Conservation,jal-shakti,ls-4516,resolved,/api_ls/question/qetFilteredQuestionsAns#lok-sabha/17/1/unstarred/1056,2026-10-10
lok-sabha/17/1/unstarred/948,lok-sabha,lok-sabha/17/1,2019-06-27,UNSTARRED,Provisions of Air Conditioners at Cheaper Rates,power,ls-4516,resolved,/api_ls/question/qetFilteredQuestionsAns#lok-sabha/17/1/unstarred/948,2026-10-10
