term,dimension,category,members,total_members,counting_basis_unit,basis_version
17,party,AJSU Party,1,559,member,1
17,party,Aam Aadmi Party,2,559,member,1
17,party,All India Anna Dravida Munnetra Kazhagam,1,559,member,1
17,party,All India Majlis-E-Ittehadul Muslimeen,2,559,member,1
17,party,All India Trinamool Congress,23,559,member,1
17,party,All India United Democratic Front,1,559,member,1
17,party,Apna Dal (Soneylal),2,559,member,1
17,party,Bahujan Samaj Party,8,559,member,1
17,party,Bharatiya Janata Party,309,559,member,1
17,party,Biju Janata Dal,11,559,member,1
17,party,Communist Party of India,2,559,member,1
17,party,Communist Party of India (Marxist),3,559,member,1
17,party,Dravida Munnetra Kazhagam,23,559,member,1
17,party,Independent,4,559,member,1
17,party,Indian National Congress,55,559,member,1
17,party,Indian Union Muslim League,4,559,member,1
17,party,Jammu and Kashmir National Conference,3,559,member,1
17,party,Janasena Party,1,559,member,1
17,party,Janata Dal (Secular),1,559,member,1
17,party,Janata Dal (United),17,559,member,1
17,party,Jharkhand Mukti Morcha,1,559,member,1
17,party,Kerala Congress (M),1,559,member,1
17,party,Lok Jan Shakti Party,5,559,member,1
17,party,Lok Jan Shakti Party (Ram Vilas),2,559,member,1
17,party,Mizo National Front,1,559,member,1
17,party,Naga Peoples Front,1,559,member,1
17,party,National People's Party,1,559,member,1
17,party,Nationalist Congress Party,3,559,member,1
17,party,Nationalist Congress Party - Sharadchandra Pawar,2,559,member,1
17,party,Nationalist Democratic Progressive Party,1,559,member,1
17,party,Rashtriya Loktantrik Party,1,559,member,1
17,party,Revolutionary Socialist Party,1,559,member,1
17,party,Samajwadi Party,8,559,member,1
17,party,Shiromani Akali Dal,2,559,member,1
17,party,Shiromani Akali Dal (Simranjit Singh Mann),1,559,member,1
17,party,Shiv Sena,17,559,member,1
17,party,Shiv Sena (Uddhav Balasaheb Thackrey),1,559,member,1
17,party,Sikkim Krantikari Morcha,1,559,member,1
17,party,Telangana Rashtra Samithi,9,559,member,1
17,party,Telugu Desam Party,5,559,member,1
17,party,Viduthalai Chiruthaigal Katchi,2,559,member,1
17,party,Yuvajana Sramika Rythu Congress Party,20,559,member,1
17,state,Andaman and Nicobar Islands,1,559,member,1
17,state,Andhra Pradesh,26,559,member,1
17,state,Arunachal Pradesh,2,559,member,1
17,state,Assam,14,559,member,1
17,state,Bihar,42,559,member,1
17,state,Chandigarh,2,559,member,1
17,state,Chhattisgarh,11,559,member,1
17,state,Dadra and Nagar Haveli and Daman and Diu,3,559,member,1
17,state,Goa,2,559,member,1
17,state,Gujarat,26,559,member,1
17,state,Haryana,10,559,member,1
17,state,Himachal Pradesh,5,559,member,1
17,state,Jammu and Kashmir,5,559,member,1
17,state,Jharkhand,14,559,member,1
17,state,Karnataka,29,559,member,1
17,state,Kerala,20,559,member,1
17,state,Ladakh,1,559,member,1
17,state,Lakshadweep,1,559,member,1
17,state,Madhya Pradesh,30,559,member,1
17,state,Maharashtra,49,559,member,1
17,state,Manipur,2,559,member,1
17,state,Meghalaya,2,559,member,1
17,state,Mizoram,1,559,member,1
17,state,NCT of Delhi,7,559,member,1
17,state,Nagaland,1,559,member,1
17,state,Odisha,21,559,member,1
17,state,Puducherry,1,559,member,1
17,state,Punjab,14,559,member,1
17,state,Rajasthan,25,559,member,1
17,state,Sikkim,1,559,member,1
17,state,Tamil Nadu,40,559,member,1
17,state,Telangana,17,559,member,1
17,state,Tripura,2,559,member,1
17,state,Uttar Pradesh,84,559,member,1
17,state,Uttarakhand,5,559,member,1
17,state,West Bengal,43,559,member,1
17,terms_served,1,185,559,member,1
17,terms_served,2,182,559,member,1
17,terms_served,3,90,559,member,1
17,terms_served,4,50,559,member,1
17,terms_served,5,27,559,member,1
17,terms_served,6,12,559,member,1
17,terms_served,7,9,559,member,1
17,terms_served,8,4,559,member,1
18,party,AJSU Party,1,544,member,1
18,party,Aam Aadmi Party,3,544,member,1
18,party,All India Majlis-E-Ittehadul Muslimeen,1,544,member,1
18,party,All India Trinamool Congress,29,544,member,1
18,party,Apna Dal (Soneylal),1,544,member,1
18,party,Asom Gana Parishad,1,544,member,1
18,party,Azad Samaj Party (Kanshi Ram),1,544,member,1
18,party,Bharat Adivasi Party,1,544,member,1
18,party,Bharatiya Janata Party,240,544,member,1
18,party,Communist Party of India,2,544,member,1
18,party,Communist Party of India (Marxist),4,544,member,1
18,party,Communist Party of India (Marxist-Leninist) Liberation,2,544,member,1
18,party,Dravida Munnetra Kazhagam,22,544,member,1
18,party,Hindustani Awam Morcha (Secular),1,544,member,1
18,party,Independent,7,544,member,1
18,party,Indian National Congress,100,544,member,1
18,party,Indian Union Muslim League,3,544,member,1
18,party,Jammu and Kashmir National Conference,2,544,member,1
18,party,Janasena Party,2,544,member,1
18,party,Janata Dal (Secular),2,544,member,1
18,party,Janata Dal (United),12,544,member,1
18,party,Jharkhand Mukti Morcha,3,544,member,1
18,party,Kerala Congress,1,544,member,1
18,party,Lok Jan Shakti Party (Ram Vilas),5,544,member,1
18,party,Marumalarchi Dravida Munnetra Kazhagam,1,544,member,1
18,party,Nationalist Congress Party,1,544,member,1
18,party,Nationalist Congress Party - Sharadchandra Pawar,8,544,member,1
18,party,Rashtriya Janata Dal,4,544,member,1
18,party,Rashtriya Lok Dal,2,544,member,1
18,party,Rashtriya Loktantrik Party,1,544,member,1
18,party,Revolutionary Socialist Party,1,544,member,1
18,party,Samajwadi Party,37,544,member,1
18,party,Shiromani Akali Dal,1,544,member,1
18,party,Shiv Sena,13,544,member,1
18,party,Shiv Sena (Uddhav Balasaheb Thackrey),3,544,member,1
18,party,Sikkim Krantikari Morcha,1,544,member,1
18,party,Telugu Desam Party,16,544,member,1
18,party,"United Peoples Party, Liberal",1,544,member,1
18,party,Viduthalai Chiruthaigal Katchi,2,544,member,1
18,party,Voice of the People Party,1,544,member,1
18,party,Yuvajana Sramika Rythu Congress Party,4,544,member,1
18,party,Zoram Peoples Movement,1,544,member,1
18,state,Andaman and Nicobar Islands,1,544,member,1
18,state,Andhra Pradesh,25,544,member,1
18,state,Arunachal Pradesh,2,544,member,1
18,state,Assam,14,544,member,1
18,state,Bihar,40,544,member,1
18,state,Chandigarh,1,544,member,1
18,state,Chhattisgarh,11,544,member,1
18,state,Dadra and Nagar Haveli and Daman and Diu,2,544,member,1
18,state,Goa,2,544,member,1
18,state,Gujarat,26,544,member,1
18,state,Haryana,10,544,member,1
18,state,Himachal Pradesh,4,544,member,1
18,state,Jammu and Kashmir,5,544,member,1
18,state,Jharkhand,14,544,member,1
18,state,Karnataka,28,544,member,1
18,state,Kerala,20,544,member,1
18,state,Ladakh,1,544,member,1
18,state,Lakshadweep,1,544,member,1
18,state,Madhya Pradesh,29,544,member,1
18,state,Maharashtra,49,544,member,1
18,state,Manipur,2,544,member,1
18,state,Meghalaya,2,544,member,1
18,state,Mizoram,1,544,member,1
18,state,NCT of Delhi,7,544,member,1
18,state,Nagaland,1,544,member,1
18,state,Odisha,21,544,member,1
18,state,Puducherry,1,544,member,1
18,state,Punjab,13,544,member,1
18,state,Rajasthan,25,544,member,1
18,state,Sikkim,1,544,member,1
18,state,Tamil Nadu,39,544,member,1
18,state,Telangana,17,544,member,1
18,state,Tripura,2,544,member,1
18,state,Uttar Pradesh,80,544,member,1
18,state,Uttarakhand,5,544,member,1
18,state,West Bengal,42,544,member,1
18,terms_served,1,282,544,member,1
18,terms_served,2,115,544,member,1
18,terms_served,3,74,544,member,1
18,terms_served,4,35,544,member,1
18,terms_served,5,19,544,member,1
18,terms_served,6,10,544,member,1
18,terms_served,7,7,544,member,1
18,terms_served,8,2,544,member,1
