state,subject,questions,state_questions,state_subjects,subjects_shown,counting_basis_unit,basis_version
Andaman and Nicobar Islands,Implementation of PMAY-G,2,639,632,25,state-question,1
Andaman and Nicobar Islands,Implementation of PMKSY,2,639,632,25,state-question,1
Andaman and Nicobar Islands,Income Tax Collection,2,639,632,25,state-question,1
Andaman and Nicobar Islands,Khelo India Youth Games,2,639,632,25,state-question,1
Andaman and Nicobar Islands,Skill Development in Coal Sector,2,639,632,25,state-question,1
Andaman and Nicobar Islands,Swachh Survekshan 2020,2,639,632,25,state-question,1
Andaman and Nicobar Islands,Vacancies in Kendriya Vidyalayas,2,639,632,25,state-question,1
Andaman and Nicobar Islands,"36th National Games, 2022",1,639,632,25,state-question,1
Andaman and Nicobar Islands,68th National Film Award,1,639,632,25,state-question,1
Andaman and Nicobar Islands,69th National Film Award,1,639,632,25,state-question,1
Andaman and Nicobar Islands,AIIMS Centre at Sri Vijayapuram,1,639,632,25,state-question,1
Andaman and Nicobar Islands,AYUSH Treatment Facilities in Rural and Backward Areas,1,639,632,25,state-question,1
Andaman and Nicobar Islands,Accounts under PMJDY,1,639,632,25,state-question,1
Andaman and Nicobar Islands,Achievement Under Pradhan Mantri Shram Yogi Maan-dhan Scheme,1,639,632,25,state-question,1
Andaman and Nicobar Islands,Achievement of Agricultural Schemes,1,639,632,25,state-question,1
Andaman and Nicobar Islands,Achievements of Jawahar Navodaya Vidyalayas,1,639,632,25,state-question,1
Andaman and Nicobar Islands,"Acute Shortage of Petrol, Diesel and LPG in Nicobar District",1,639,632,25,state-question,1
Andaman and Nicobar Islands,Adarsh Station Programme,1,639,632,25,state-question,1
Andaman and Nicobar Islands,Addressing Power Crisis in Andaman & Nicobar Islands,1,639,632,25,state-question,1
Andaman and Nicobar Islands,Advisory to TV Channel,1,639,632,25,state-question,1
Andaman and Nicobar Islands,Agreement on Sharing of Postal Shipment Data,1,639,632,25,state-question,1
Andaman and Nicobar Islands,Agri India Hackathon,1,639,632,25,state-question,1
Andaman and Nicobar Islands,Agricultural Labourers and NonAgricultural Workers,1,639,632,25,state-question,1
Andaman and Nicobar Islands,Agricultural Land Damaged Due to Flood and Cyclone,1,639,632,25,state-question,1
Andaman and Nicobar Islands,Agricultural Ornithology,1,639,632,25,state-question,1
Andhra Pradesh,ODOP,6,7944,7502,25,state-question,1
Andhra Pradesh,Polavaram Project,6,7944,7502,25,state-question,1
Andhra Pradesh,Railway Projects in Andhra Pradesh,6,7944,7502,25,state-question,1
Andhra Pradesh,Road Accidents,6,7944,7502,25,state-question,1
Andhra Pradesh,Agriculture Infrastructure Fund,5,7944,7502,25,state-question,1
Andhra Pradesh,MGNREGS in Andhra Pradesh,5,7944,7502,25,state-question,1
Andhra Pradesh,"Andhra Pradesh Reorganisation Act, 2014",4,7944,7502,25,state-question,1
Andhra Pradesh,Centrally Sponsored Schemes,4,7944,7502,25,state-question,1
Andhra Pradesh,Cotton Production,4,7944,7502,25,state-question,1
Andhra Pradesh,Doubling of Farmers Income,4,7944,7502,25,state-question,1
Andhra Pradesh,GST Compensation,4,7944,7502,25,state-question,1
Andhra Pradesh,Jan Aushadhi Kendras,4,7944,7502,25,state-question,1
Andhra Pradesh,One Stop Centres in Andhra Pradesh,4,7944,7502,25,state-question,1
Andhra Pradesh,PLI Scheme,4,7944,7502,25,state-question,1
Andhra Pradesh,PM Vishwakarma Scheme,4,7944,7502,25,state-question,1
Andhra Pradesh,Pradhan Mantri Jan Vikas Karyakram,4,7944,7502,25,state-question,1
Andhra Pradesh,Privatisation of Airports,4,7944,7502,25,state-question,1
Andhra Pradesh,Rashtriya Gram Swaraj Abhiyan,4,7944,7502,25,state-question,1
Andhra Pradesh,Sainik Schools,4,7944,7502,25,state-question,1
Andhra Pradesh,Van Dhan Vikas Kendras in Andhra Pradesh,4,7944,7502,25,state-question,1
Andhra Pradesh,"AP Reorganisation Act, 2014",3,7944,7502,25,state-question,1
Andhra Pradesh,AYUSH Health and Wellness Centres,3,7944,7502,25,state-question,1
Andhra Pradesh,Accessible India Campaign,3,7944,7502,25,state-question,1
Andhra Pradesh,Amrit Bharat Station Scheme,3,7944,7502,25,state-question,1
Andhra Pradesh,Aspirational Districts of Andhra Pradesh,3,7944,7502,25,state-question,1
Arunachal Pradesh,Integrated AYUSH Wellness Centre,2,214,211,25,state-question,1
Arunachal Pradesh,Merger of NEEPCO with NHPC,2,214,211,25,state-question,1
Arunachal Pradesh,Rashtriya Gram Swaraj Abhiyan,2,214,211,25,state-question,1
Arunachal Pradesh,4G Saturation Project in Uncovered Villages,1,214,211,25,state-question,1
Arunachal Pradesh,AIIMS like Hospital in Arunachal Pradesh,1,214,211,25,state-question,1
Arunachal Pradesh,AYURGYAN Scheme,1,214,211,25,state-question,1
Arunachal Pradesh,Achievements under 100 days Programme,1,214,211,25,state-question,1
Arunachal Pradesh,Act East Policy,1,214,211,25,state-question,1
Arunachal Pradesh,Adoption Rate of Ethanol Blended Fuel,1,214,211,25,state-question,1
Arunachal Pradesh,Adoption of 6G Technology,1,214,211,25,state-question,1
Arunachal Pradesh,Adverse Affect of COVID on Textile Industry,1,214,211,25,state-question,1
Arunachal Pradesh,Affordable Medical Devices,1,214,211,25,state-question,1
Arunachal Pradesh,Affordable Regional Air Connectivity under UDAN Scheme,1,214,211,25,state-question,1
Arunachal Pradesh,Air Connectivity in North Eastern Region,1,214,211,25,state-question,1
Arunachal Pradesh,Air Connectivity in North Eastern States,1,214,211,25,state-question,1
Arunachal Pradesh,Alignment of  SAMARTH Centres,1,214,211,25,state-question,1
Arunachal Pradesh,Alignment of Logistics Policies in the North-Eastern region,1,214,211,25,state-question,1
Arunachal Pradesh,Amrit Bharat Station Scheme for the Stations of North-East Regions,1,214,211,25,state-question,1
Arunachal Pradesh,"Annual Ground Water Quality Report, 2024",1,214,211,25,state-question,1
Arunachal Pradesh,Assistance under BADP,1,214,211,25,state-question,1
Arunachal Pradesh,Atal Tinkering Laboratories,1,214,211,25,state-question,1
Arunachal Pradesh,Aviation Park,1,214,211,25,state-question,1
Arunachal Pradesh,Ayurgyan Scheme,1,214,211,25,state-question,1
Arunachal Pradesh,Ayushman Bharat Digital Mission,1,214,211,25,state-question,1
Arunachal Pradesh,Ayushman Bharat Health and Wellness Centres,1,214,211,25,state-question,1
Assam,Revival of Paper Mills,5,3310,3193,25,state-question,1
Assam,ST List of Assam,5,3310,3193,25,state-question,1
Assam,Aspirational Districts,3,3310,3193,25,state-question,1
Assam,Construction of National Highways,3,3310,3193,25,state-question,1
Assam,Green Hydrogen Mission,3,3310,3193,25,state-question,1
Assam,Implementation of Assam Accord,3,3310,3193,25,state-question,1
Assam,MGNREGS in Assam,3,3310,3193,25,state-question,1
Assam,National AYUSH Mission,3,3310,3193,25,state-question,1
Assam,National Register of Citizens,3,3310,3193,25,state-question,1
Assam,PM-PRANAM Scheme,3,3310,3193,25,state-question,1
Assam,PMGSY in Assam,3,3310,3193,25,state-question,1
Assam,Sports Infrastructure in Assam,3,3310,3193,25,state-question,1
Assam,Army Regiments,2,3310,3193,25,state-question,1
Assam,Arsenic-affected Habitations in Assam,2,3310,3193,25,state-question,1
Assam,Bank NPAs,2,3310,3193,25,state-question,1
Assam,Beti Bachao Beti Padhao,2,3310,3193,25,state-question,1
Assam,Beti Bachao Beti Padhao Scheme,2,3310,3193,25,state-question,1
Assam,CSR Projects in Assam,2,3310,3193,25,state-question,1
Assam,Central Institute for Women in Agriculture,2,3310,3193,25,state-question,1
Assam,Child Labour,2,3310,3193,25,state-question,1
Assam,Coal Mining Development and Production Agreements,2,3310,3193,25,state-question,1
Assam,Conservation of Son Beel,2,3310,3193,25,state-question,1
Assam,Decentralized Storage Capacity,2,3310,3193,25,state-question,1
Assam,Development of River Banks,2,3310,3193,25,state-question,1
Assam,Dhubri-Phulbari Bridge Project,2,3310,3193,25,state-question,1
Bihar,Inter-linking of Rivers,8,7613,7179,25,state-question,1
Bihar,Road Projects in Bihar,7,7613,7179,25,state-question,1
Bihar,Fast Track Courts,6,7613,7179,25,state-question,1
Bihar,Kendriya Vidyalayas in Bihar,6,7613,7179,25,state-question,1
Bihar,PMGSY in Bihar,6,7613,7179,25,state-question,1
Bihar,Demand and Supply of Fertilizers,5,7613,7179,25,state-question,1
Bihar,Pradhan Mantri Anusuchit Jaati Abhyuday Yojana,5,7613,7179,25,state-question,1
Bihar,Railway Projects in Bihar,5,7613,7179,25,state-question,1
Bihar,Centrally Sponsored Schemes,4,7613,7179,25,state-question,1
Bihar,Coal Production,4,7613,7179,25,state-question,1
Bihar,Common Service Centres,4,7613,7179,25,state-question,1
Bihar,Darbhanga Airport,4,7613,7179,25,state-question,1
Bihar,Delhi Land Pooling Policy,4,7613,7179,25,state-question,1
Bihar,FPIs in Bihar,4,7613,7179,25,state-question,1
Bihar,Green Credit Programme,4,7613,7179,25,state-question,1
Bihar,IT Park in Darbhanga,4,7613,7179,25,state-question,1
Bihar,Industrial Development in Bihar,4,7613,7179,25,state-question,1
Bihar,Jan Aushadhi Kendras,4,7613,7179,25,state-question,1
Bihar,Land Pooling Policy,4,7613,7179,25,state-question,1
Bihar,Namami Gange Programme,4,7613,7179,25,state-question,1
Bihar,National Highways in Bihar,4,7613,7179,25,state-question,1
Bihar,National Mission for Clean Ganga,4,7613,7179,25,state-question,1
Bihar,Nirbhaya Fund,4,7613,7179,25,state-question,1
Bihar,Patna Metro Rail Project,4,7613,7179,25,state-question,1
Bihar,Per Capita Income,4,7613,7179,25,state-question,1
Chandigarh,Disinvestment of Air India,4,458,451,25,state-question,1
Chandigarh,UDAN Scheme,3,458,451,25,state-question,1
Chandigarh,Investigation into Pulwama Terror Attack,2,458,451,25,state-question,1
Chandigarh,Upgradation of Sri Anandpur Sahib Road,2,458,451,25,state-question,1
Chandigarh,5G Trial,1,458,451,25,state-question,1
Chandigarh,Accessibility of Public Offices and Hearing Assistive Devices in Chandigarh,1,458,451,25,state-question,1
Chandigarh,Accommodation for Urban Families,1,458,451,25,state-question,1
Chandigarh,Achievements Under to PMAY-G,1,458,451,25,state-question,1
Chandigarh,Acts Enacted by Punjab and Haryana,1,458,451,25,state-question,1
Chandigarh,Adjusted Gross Revenues,1,458,451,25,state-question,1
Chandigarh,Adoption of Modern Navigation Systems,1,458,451,25,state-question,1
Chandigarh,Advertisements Linked to CSAM,1,458,451,25,state-question,1
Chandigarh,Agri Logistics and Processing Facilities,1,458,451,25,state-question,1
Chandigarh,Aids and Assistive Living Devices to Senior Citizens,1,458,451,25,state-question,1
Chandigarh,Air India Personnel Affected by COVID-19,1,458,451,25,state-question,1
Chandigarh,Air Quality and Strategy to Prevent Air Pollution,1,458,451,25,state-question,1
Chandigarh,Airborne Helmets,1,458,451,25,state-question,1
Chandigarh,Al Qaeda Training Camps,1,458,451,25,state-question,1
Chandigarh,Algorithmic Bias in Artificial Intelligence Use,1,458,451,25,state-question,1
Chandigarh,Amendment in the Power Export Rules,1,458,451,25,state-question,1
Chandigarh,Amendment to CSR Policy,1,458,451,25,state-question,1
Chandigarh,Amnesty Scheme for Chandigarh Housing Board Allottees,1,458,451,25,state-question,1
Chandigarh,Anaemia among Women and Children,1,458,451,25,state-question,1
Chandigarh,Appointment of Additional Judges in High Courts,1,458,451,25,state-question,1
Chandigarh,Appointment of Chairperson and Members of Data Protection Board of India,1,458,451,25,state-question,1
Chhattisgarh,PMGSY in Chhattisgarh,4,2502,2441,25,state-question,1
Chhattisgarh,Coal Production,3,2502,2441,25,state-question,1
Chhattisgarh,Committee on MSP,3,2502,2441,25,state-question,1
Chhattisgarh,National Livestock Mission,3,2502,2441,25,state-question,1
Chhattisgarh,National Medicinal Plants Board,3,2502,2441,25,state-question,1
Chhattisgarh,PMAY-G in Chhattisgarh,3,2502,2441,25,state-question,1
Chhattisgarh,Rashtriya Gram Swaraj Abhiyan,3,2502,2441,25,state-question,1
Chhattisgarh,Air Pollution,2,2502,2441,25,state-question,1
Chhattisgarh,Allocation of Funds for Chhattisgarh,2,2502,2441,25,state-question,1
Chhattisgarh,Allocation of Funds to Chhattisgarh,2,2502,2441,25,state-question,1
Chhattisgarh,Beti Bachao Beti Padhao,2,2502,2441,25,state-question,1
Chhattisgarh,CSR Funds for Conservation of Environment,2,2502,2441,25,state-question,1
Chhattisgarh,Coal based Industries,2,2502,2441,25,state-question,1
Chhattisgarh,Colliery Schools,2,2502,2441,25,state-question,1
Chhattisgarh,Commercial Coal Mining,2,2502,2441,25,state-question,1
Chhattisgarh,Compensation to Farmers,2,2502,2441,25,state-question,1
Chhattisgarh,Construction of Canals,2,2502,2441,25,state-question,1
Chhattisgarh,Construction of National Highways,2,2502,2441,25,state-question,1
Chhattisgarh,DDU-GKY in Chhattisgarh,2,2502,2441,25,state-question,1
Chhattisgarh,Drug Abuse,2,2502,2441,25,state-question,1
Chhattisgarh,Environmental Clearance to Shree Cement Limited,2,2502,2441,25,state-question,1
Chhattisgarh,Export of Organic Products,2,2502,2441,25,state-question,1
Chhattisgarh,Gram Panchayat Development Plan,2,2502,2441,25,state-question,1
Chhattisgarh,Green Credit Programme,2,2502,2441,25,state-question,1
Chhattisgarh,HHEC,2,2502,2441,25,state-question,1
Dadra and Nagar Haveli and Daman and Diu,Families covered under DAY-NRLM,2,514,508,25,state-question,1
Dadra and Nagar Haveli and Daman and Diu,Green Credit Programme,2,514,508,25,state-question,1
Dadra and Nagar Haveli and Daman and Diu,Implementation of Smart Cities Mission,2,514,508,25,state-question,1
Dadra and Nagar Haveli and Daman and Diu,India Post Payments Bank (IPPB),2,514,508,25,state-question,1
Dadra and Nagar Haveli and Daman and Diu,PM-DAKSH Scheme,2,514,508,25,state-question,1
Dadra and Nagar Haveli and Daman and Diu,Unemployment Rate,2,514,508,25,state-question,1
Dadra and Nagar Haveli and Daman and Diu,'Luxury Daman Club' in Daman,1,514,508,25,state-question,1
Dadra and Nagar Haveli and Daman and Diu,100-Days Action Plan under ''Nagar Van Yojana'',1,514,508,25,state-question,1
Dadra and Nagar Haveli and Daman and Diu,4G and 5G Spectrum Auction,1,514,508,25,state-question,1
Dadra and Nagar Haveli and Daman and Diu,ABSS in Mumbai-Gujarat Belt of Western Railway,1,514,508,25,state-question,1
Dadra and Nagar Haveli and Daman and Diu,AI and Robotics Technologies under PMGDISHA,1,514,508,25,state-question,1
Dadra and Nagar Haveli and Daman and Diu,AYUSH Centres and Hospitals,1,514,508,25,state-question,1
Dadra and Nagar Haveli and Daman and Diu,AYUSH Schemes,1,514,508,25,state-question,1
Dadra and Nagar Haveli and Daman and Diu,Absence of Elected Legislative Body,1,514,508,25,state-question,1
Dadra and Nagar Haveli and Daman and Diu,Academic Loss during COVID-19 Pandemic,1,514,508,25,state-question,1
Dadra and Nagar Haveli and Daman and Diu,Accidents due to Deficiencies in Road Construction,1,514,508,25,state-question,1
Dadra and Nagar Haveli and Daman and Diu,Accidents due to Poor Road Conditions,1,514,508,25,state-question,1
Dadra and Nagar Haveli and Daman and Diu,Accounts in Post Offices for various Schemes,1,514,508,25,state-question,1
Dadra and Nagar Haveli and Daman and Diu,Achievements and Status of SBM-U,1,514,508,25,state-question,1
Dadra and Nagar Haveli and Daman and Diu,Active Ration Cards,1,514,508,25,state-question,1
Dadra and Nagar Haveli and Daman and Diu,Acute Shortage of Fertilizers,1,514,508,25,state-question,1
Dadra and Nagar Haveli and Daman and Diu,Adolescent Girls Dropouts,1,514,508,25,state-question,1
Dadra and Nagar Haveli and Daman and Diu,Adoption of Drip Irrigation and Sprinkler System,1,514,508,25,state-question,1
Dadra and Nagar Haveli and Daman and Diu,Agricultural Schemes in Dadra and Nagar Haveli,1,514,508,25,state-question,1
Dadra and Nagar Haveli and Daman and Diu,Amelioration of Conditions of Anganwadi Centres,1,514,508,25,state-question,1
Goa,Panaji Smart City Project,2,168,165,25,state-question,1
Goa,Projects under Sagarmala Programme,2,168,165,25,state-question,1
Goa,Revocation of Passports,2,168,165,25,state-question,1
Goa,Achievement of NCRMP Phase-II,1,168,165,25,state-question,1
Goa,Actual Expenditure in MGNREGS,1,168,165,25,state-question,1
Goa,Allocation of Funds under JJM,1,168,165,25,state-question,1
Goa,Allocation of Power,1,168,165,25,state-question,1
Goa,Annaul Action Plans under JJM,1,168,165,25,state-question,1
Goa,Appointment of Notaries,1,168,165,25,state-question,1
Goa,Appointment of P&HE Teacher under Samagra Shiksha Abhiyan,1,168,165,25,state-question,1
Goa,Approval of Funds for Jal Jeevan Mission,1,168,165,25,state-question,1
Goa,Arrival of Foreign Tourists in Goa,1,168,165,25,state-question,1
Goa,Artificial Intelligence for Mental Health Treatment,1,168,165,25,state-question,1
Goa,Attacks on Migrant Labourers in Kashmir,1,168,165,25,state-question,1
Goa,Audit of Rashtriya Jal Jeevan Kosh Accounts,1,168,165,25,state-question,1
Goa,Availability of Contour Plans for Public Use,1,168,165,25,state-question,1
Goa,Average Income of Farmers,1,168,165,25,state-question,1
Goa,Beneficiaries of PMUY,1,168,165,25,state-question,1
Goa,Bill on Manual Scavenging,1,168,165,25,state-question,1
Goa,Breast Cancer,1,168,165,25,state-question,1
Goa,Budget Outlay and Capital Expenditure,1,168,165,25,state-question,1
Goa,Budget Outlays for Minority Affairs,1,168,165,25,state-question,1
Goa,Bull Trawling and LED Fishing,1,168,165,25,state-question,1
Goa,Cashew Productivity Enhancement Program,1,168,165,25,state-question,1
Goa,Central Book Selection Scheme under RRRLF,1,168,165,25,state-question,1
Gujarat,Road Accidents,6,5567,5327,25,state-question,1
Gujarat,Production Linked Incentive Scheme,5,5567,5327,25,state-question,1
Gujarat,Rashtriya Gram Swaraj Abhiyan,5,5567,5327,25,state-question,1
Gujarat,India Post Payments Bank,4,5567,5327,25,state-question,1
Gujarat,One Stop Centres,4,5567,5327,25,state-question,1
Gujarat,Organic Farming,4,5567,5327,25,state-question,1
Gujarat,PMAY-G in Gujarat,4,5567,5327,25,state-question,1
Gujarat,AYUSH Colleges,3,5567,5327,25,state-question,1
Gujarat,Atal Tinkering Labs,3,5567,5327,25,state-question,1
Gujarat,Coal Production,3,5567,5327,25,state-question,1
Gujarat,Drug Addiction,3,5567,5327,25,state-question,1
Gujarat,Fast Track Courts,3,5567,5327,25,state-question,1
Gujarat,Gauge Conversion,3,5567,5327,25,state-question,1
Gujarat,Green Credit Programme,3,5567,5327,25,state-question,1
Gujarat,Illegal Mining,3,5567,5327,25,state-question,1
Gujarat,Implementation of DAJGUA,3,5567,5327,25,state-question,1
Gujarat,Inter-linking of Rivers,3,5567,5327,25,state-question,1
Gujarat,JJM in Gujarat,3,5567,5327,25,state-question,1
Gujarat,Jiyo Parsi Scheme,3,5567,5327,25,state-question,1
Gujarat,Medical Colleges,3,5567,5327,25,state-question,1
Gujarat,Medicinal Plants,3,5567,5327,25,state-question,1
Gujarat,Mega Food Parks in Gujarat,3,5567,5327,25,state-question,1
Gujarat,Mission Karmayogi,3,5567,5327,25,state-question,1
Gujarat,National AYUSH Mission,3,5567,5327,25,state-question,1
Gujarat,One Nation One Fertilizer Scheme,3,5567,5327,25,state-question,1
Haryana,Road Projects in Haryana,4,2232,2173,25,state-question,1
Haryana,Ayushman Bharat Digital Mission,3,2232,2173,25,state-question,1
Haryana,PM-PRANAM,3,2232,2173,25,state-question,1
Haryana,Agriculture Summit,2,2232,2173,25,state-question,1
Haryana,Atal Bhujal Yojana,2,2232,2173,25,state-question,1
Haryana,Atal Tinkering Labs,2,2232,2173,25,state-question,1
Haryana,Banking Facilities in Rural Areas,2,2232,2173,25,state-question,1
Haryana,Buffer Stock of Foodgrains,2,2232,2173,25,state-question,1
Haryana,Child Trafficking,2,2232,2173,25,state-question,1
Haryana,Community Radio Stations,2,2232,2173,25,state-question,1
Haryana,Crime against Children,2,2232,2173,25,state-question,1
Haryana,Cyber Attacks,2,2232,2173,25,state-question,1
Haryana,Deep Ocean Mission,2,2232,2173,25,state-question,1
Haryana,Development of Cities,2,2232,2173,25,state-question,1
Haryana,Development of Hisar Airport,2,2232,2173,25,state-question,1
Haryana,Development of River Banks,2,2232,2173,25,state-question,1
Haryana,Driver Training Institute,2,2232,2173,25,state-question,1
Haryana,EIR Programme,2,2232,2173,25,state-question,1
Haryana,Export of Petrol and Diesel,2,2232,2173,25,state-question,1
Haryana,Exports from Rohtak and Jhajjar,2,2232,2173,25,state-question,1
Haryana,FDI Policy,2,2232,2173,25,state-question,1
Haryana,Fertilizer Subsidy,2,2232,2173,25,state-question,1
Haryana,Fibre Network,2,2232,2173,25,state-question,1
Haryana,Forest Cover in Haryana,2,2232,2173,25,state-question,1
Haryana,Green Credit Programme,2,2232,2173,25,state-question,1
Himachal Pradesh,Rashtriya Gram Swaraj Abhiyan,3,769,756,25,state-question,1
Himachal Pradesh,CPGRAMS,2,769,756,25,state-question,1
Himachal Pradesh,Eklavya Schools,2,769,756,25,state-question,1
Himachal Pradesh,Medical Colleges in Himachal Pradesh,2,769,756,25,state-question,1
Himachal Pradesh,Mission Karmayogi,2,769,756,25,state-question,1
Himachal Pradesh,NAMASTE Scheme,2,769,756,25,state-question,1
Himachal Pradesh,National Highways in Himachal Pradesh,2,769,756,25,state-question,1
Himachal Pradesh,National Mission on Libraries,2,769,756,25,state-question,1
Himachal Pradesh,PMGSY in Himachal Pradesh,2,769,756,25,state-question,1
Himachal Pradesh,Palna Scheme,2,769,756,25,state-question,1
Himachal Pradesh,Road Projects in Himachal Pradesh,2,769,756,25,state-question,1
Himachal Pradesh,Steel Production,2,769,756,25,state-question,1
Himachal Pradesh,'TB Mukt Bharat' Campaign in Identified Districts,1,769,756,25,state-question,1
Himachal Pradesh,170th Report of Law Commission,1,769,756,25,state-question,1
Himachal Pradesh,4G/2G Towers in Himachal Pradesh,1,769,756,25,state-question,1
Himachal Pradesh,5G Technology,1,769,756,25,state-question,1
Himachal Pradesh,5G Technology in Himachal Pradesh,1,769,756,25,state-question,1
Himachal Pradesh,AI and ML Technology Powered Integrated Dashboard,1,769,756,25,state-question,1
Himachal Pradesh,AI-Powered Governance: SabhaSaar,1,769,756,25,state-question,1
Himachal Pradesh,AI-based Monsoon Forecasting Scheme,1,769,756,25,state-question,1
Himachal Pradesh,AYUSH Packages for Non-Communicable Diseases,1,769,756,25,state-question,1
Himachal Pradesh,AYUSH Visa for Foreign Nationals,1,769,756,25,state-question,1
Himachal Pradesh,Aadhaar Good Governance Portal,1,769,756,25,state-question,1
Himachal Pradesh,Accessibility of Sports at Village level,1,769,756,25,state-question,1
Himachal Pradesh,Achievement of Objectives of DDU-GKY,1,769,756,25,state-question,1
Jammu and Kashmir,Centrally Sponsored Schemes,3,643,631,25,state-question,1
Jammu and Kashmir,Accidents on NH-44,2,643,631,25,state-question,1
Jammu and Kashmir,Bharatmala Pariyojana,2,643,631,25,state-question,1
Jammu and Kashmir,Child Beggars,2,643,631,25,state-question,1
Jammu and Kashmir,Demand and Supply of Coal,2,643,631,25,state-question,1
Jammu and Kashmir,ITPO,2,643,631,25,state-question,1
Jammu and Kashmir,Investment in Food Processing Sector,2,643,631,25,state-question,1
Jammu and Kashmir,Mobile Medical Units under NHM,2,643,631,25,state-question,1
Jammu and Kashmir,Nirbhaya Fund,2,643,631,25,state-question,1
Jammu and Kashmir,SVAMITVA Scheme,2,643,631,25,state-question,1
Jammu and Kashmir,Unmanned Level Crossings in Jharkhand and Jammu and Kashmir,2,643,631,25,state-question,1
Jammu and Kashmir,AIIMS in Jammu and Kashmir,1,643,631,25,state-question,1
Jammu and Kashmir,AYURGYAN Scheme,1,643,631,25,state-question,1
Jammu and Kashmir,AYUSH Treatment Package,1,643,631,25,state-question,1
Jammu and Kashmir,AYUSH Visa for Foreign Nationals,1,643,631,25,state-question,1
Jammu and Kashmir,Aatmanirbhar Bharat Rojgar Yojana,1,643,631,25,state-question,1
Jammu and Kashmir,Accelerated Irrigation benefit Programme in Jammu and Kashmir,1,643,631,25,state-question,1
Jammu and Kashmir,Accidents in Mines,1,643,631,25,state-question,1
Jammu and Kashmir,Account ability of Social Media,1,643,631,25,state-question,1
Jammu and Kashmir,Active Foreign Companies,1,643,631,25,state-question,1
Jammu and Kashmir,Administrative Functioning of Key Posts of NIT Srinagar,1,643,631,25,state-question,1
Jammu and Kashmir,Admission in Medical Colleges,1,643,631,25,state-question,1
Jammu and Kashmir,Agenda to Reduce Food Wastage,1,643,631,25,state-question,1
Jammu and Kashmir,Agricultural Budget,1,643,631,25,state-question,1
Jammu and Kashmir,Agricultural Development Schemes,1,643,631,25,state-question,1
Jharkhand,National Clean Air Programme,5,4332,4147,25,state-question,1
Jharkhand,Agriculture Infrastructure Fund,4,4332,4147,25,state-question,1
Jharkhand,Coal Production,4,4332,4147,25,state-question,1
Jharkhand,Gram Nyayalayas,4,4332,4147,25,state-question,1
Jharkhand,Air Pollution,3,4332,4147,25,state-question,1
Jharkhand,Aspirational Districts Programme,3,4332,4147,25,state-question,1
Jharkhand,Ayushman Bharat Digital Mission,3,4332,4147,25,state-question,1
Jharkhand,Beti Bachao Beti Padhao Scheme,3,4332,4147,25,state-question,1
Jharkhand,BharatNet Project,3,4332,4147,25,state-question,1
Jharkhand,Bharatmala Pariyojana,3,4332,4147,25,state-question,1
Jharkhand,Cyber Crimes,3,4332,4147,25,state-question,1
Jharkhand,Green Credit Programme,3,4332,4147,25,state-question,1
Jharkhand,Medical Device Parks,3,4332,4147,25,state-question,1
Jharkhand,National Bamboo Mission,3,4332,4147,25,state-question,1
Jharkhand,PMAY-G in Jharkhand,3,4332,4147,25,state-question,1
Jharkhand,PMGSY in Jharkhand,3,4332,4147,25,state-question,1
Jharkhand,Passport Seva Kendras,3,4332,4147,25,state-question,1
Jharkhand,Pradhan Mantri Adi Adarsh Gram Yojana,3,4332,4147,25,state-question,1
Jharkhand,Road Accidents,3,4332,4147,25,state-question,1
Jharkhand,SVAMITVA Scheme,3,4332,4147,25,state-question,1
Jharkhand,AYUSH Medical Colleges,2,4332,4147,25,state-question,1
Jharkhand,Access to Clean Water,2,4332,4147,25,state-question,1
Jharkhand,Air Connectivity in Jharkhand,2,4332,4147,25,state-question,1
Jharkhand,Anganwadi Centres in Jharkhand,2,4332,4147,25,state-question,1
Jharkhand,Applications under PM SVANidhi Scheme,2,4332,4147,25,state-question,1
Karnataka,Railway Projects in Karnataka,7,5808,5590,25,state-question,1
Karnataka,Sustainable Development Goals,6,5808,5590,25,state-question,1
Karnataka,Import of Arecanut,4,5808,5590,25,state-question,1
Karnataka,New Education Policy,4,5808,5590,25,state-question,1
Karnataka,PMAY in Karnataka,4,5808,5590,25,state-question,1
Karnataka,Rashtriya Gram Swaraj Abhiyan,4,5808,5590,25,state-question,1
Karnataka,Road Accidents,4,5808,5590,25,state-question,1
Karnataka,Road Projects in Karnataka,4,5808,5590,25,state-question,1
Karnataka,SVAMITVA Scheme,4,5808,5590,25,state-question,1
Karnataka,Beti Bachao Beti Padhao,3,5808,5590,25,state-question,1
Karnataka,Bharatmala Pariyojana,3,5808,5590,25,state-question,1
Karnataka,Cyber Crimes,3,5808,5590,25,state-question,1
Karnataka,Forest Cover,3,5808,5590,25,state-question,1
Karnataka,Illegal Sand Mining,3,5808,5590,25,state-question,1
Karnataka,Implementation of AMRUT Scheme,3,5808,5590,25,state-question,1
Karnataka,Industrial Corridors,3,5808,5590,25,state-question,1
Karnataka,Jal Shakti Abhiyan,3,5808,5590,25,state-question,1
Karnataka,Malnourished Children,3,5808,5590,25,state-question,1
Karnataka,National Infrastructure Pipeline,3,5808,5590,25,state-question,1
Karnataka,National Mission on Cultural Mapping,3,5808,5590,25,state-question,1
Karnataka,New Trains in Karnataka,3,5808,5590,25,state-question,1
Karnataka,Palna Scheme,3,5808,5590,25,state-question,1
Karnataka,Promotion of AYUSH,3,5808,5590,25,state-question,1
Karnataka,Promotion of Organic Farming,3,5808,5590,25,state-question,1
Karnataka,Railway Electrification,3,5808,5590,25,state-question,1
Kerala,PMGSY in Kerala,6,6465,6204,25,state-question,1
Kerala,Road Projects in Kerala,6,6465,6204,25,state-question,1
Kerala,JJM in Kerala,5,6465,6204,25,state-question,1
Kerala,Nirbhaya Fund,5,6465,6204,25,state-question,1
Kerala,Privatisation of Airports,5,6465,6204,25,state-question,1
Kerala,Electric Vehicles,4,6465,6204,25,state-question,1
Kerala,Kendriya Vidyalayas in Kerala,4,6465,6204,25,state-question,1
Kerala,One Nation One Election,4,6465,6204,25,state-question,1
Kerala,Shortage of Coal,4,6465,6204,25,state-question,1
Kerala,AIIMS in Kerala,3,6465,6204,25,state-question,1
Kerala,Artificial Intelligence,3,6465,6204,25,state-question,1
Kerala,Child Marriage,3,6465,6204,25,state-question,1
Kerala,Crisis in Cashew Industry,3,6465,6204,25,state-question,1
Kerala,Development of Kollam Railway Station,3,6465,6204,25,state-question,1
Kerala,Development of NH-744,3,6465,6204,25,state-question,1
Kerala,Disinvestment Target,3,6465,6204,25,state-question,1
Kerala,Disinvestment of Air India,3,6465,6204,25,state-question,1
Kerala,EPF Pension,3,6465,6204,25,state-question,1
Kerala,ESI Hospitals in Kerala,3,6465,6204,25,state-question,1
Kerala,Ease of Doing Business,3,6465,6204,25,state-question,1
Kerala,Economic Slowdown,3,6465,6204,25,state-question,1
Kerala,Education Loan,3,6465,6204,25,state-question,1
Kerala,Financial Crisis in Kerala,3,6465,6204,25,state-question,1
Kerala,GDP Growth,3,6465,6204,25,state-question,1
Kerala,Garib Kalyan Rojgar Abhiyan,3,6465,6204,25,state-question,1
Ladakh,Construction of Airport at Kargil,2,191,187,25,state-question,1
Ladakh,MSME Sector in Ladakh,2,191,187,25,state-question,1
Ladakh,Railway Projects in Ladakh,2,191,187,25,state-question,1
Ladakh,Space Projects in Ladakh,2,191,187,25,state-question,1
Ladakh,Adverse Effects of Climate Change in Ladakh,1,191,187,25,state-question,1
Ladakh,Agreement with States/UT for Cooperation in Agriculture,1,191,187,25,state-question,1
Ladakh,Agricultural Exports from Ladakh,1,191,187,25,state-question,1
Ladakh,Air Connectivity in Ladakh,1,191,187,25,state-question,1
Ladakh,Akashwani Kargil Station,1,191,187,25,state-question,1
Ladakh,Alternative to Single-Use Plastic,1,191,187,25,state-question,1
Ladakh,Anganwadi-cum-Creche,1,191,187,25,state-question,1
Ladakh,Apportionment of Manpower between UT Ladakh & UT JK,1,191,187,25,state-question,1
Ladakh,Archaeological Survey in Ladakh,1,191,187,25,state-question,1
Ladakh,Autonomous Power to State Universities/ Colleges for Reserving Quotas,1,191,187,25,state-question,1
Ladakh,Availability of High Speed Internet,1,191,187,25,state-question,1
Ladakh,Avalanche Advance Alerts Gadgets to Indian Army,1,191,187,25,state-question,1
Ladakh,Awareness of Legal Process in Ladakh,1,191,187,25,state-question,1
Ladakh,BSNL5G/4G in Ladakh,1,191,187,25,state-question,1
Ladakh,Banking and Financial Access in Ladakh,1,191,187,25,state-question,1
Ladakh,Better Connectivity for Kargil,1,191,187,25,state-question,1
Ladakh,BharatNet Project in Ladakh,1,191,187,25,state-question,1
Ladakh,Budget Allocation for Minority Welfare Schemes in Ladakh,1,191,187,25,state-question,1
Ladakh,Budget Allocation/Mental Well-Being of Students under NEP 2020,1,191,187,25,state-question,1
Ladakh,CBSE Examination in Ladakh,1,191,187,25,state-question,1
Ladakh,CGHS Beneficiaries in Ladakh,1,191,187,25,state-question,1
Lakshadweep,Impact of COVID-19 on Tribal Communities,2,345,344,25,state-question,1
Lakshadweep,5G Rollout,1,345,344,25,state-question,1
Lakshadweep,AWCs functioning in Lakshadweep,1,345,344,25,state-question,1
Lakshadweep,Administration of PRIs,1,345,344,25,state-question,1
Lakshadweep,Adolescent Friendly Health Clinics (AFHC),1,345,344,25,state-question,1
Lakshadweep,Airlifting Indian Students from Wuhan,1,345,344,25,state-question,1
Lakshadweep,Airports in Lakshadweep,1,345,344,25,state-question,1
Lakshadweep,All-India Migrant Workers Survey,1,345,344,25,state-question,1
Lakshadweep,Allocation of Textile Industry,1,345,344,25,state-question,1
Lakshadweep,Allocation under MGNREGS,1,345,344,25,state-question,1
Lakshadweep,Allowances Fire Police Personnel serving in Lakshadweep,1,345,344,25,state-question,1
Lakshadweep,Applications under RTI,1,345,344,25,state-question,1
Lakshadweep,Assessment of Challenges in Urban Areas,1,345,344,25,state-question,1
Lakshadweep,Assistance under NDRF,1,345,344,25,state-question,1
Lakshadweep,Atomic Power Generation,1,345,344,25,state-question,1
Lakshadweep,Audit of Digital Education in Rural Areas,1,345,344,25,state-question,1
Lakshadweep,Audit of Digitalization of Education,1,345,344,25,state-question,1
Lakshadweep,Audit of Hospital Beds,1,345,344,25,state-question,1
Lakshadweep,Augmentation of Renewable Energy Sources,1,345,344,25,state-question,1
Lakshadweep,Authorised Petroleum Retail Outlets,1,345,344,25,state-question,1
Lakshadweep,Availability of Donated Blood,1,345,344,25,state-question,1
Lakshadweep,Availability of Drinking Water,1,345,344,25,state-question,1
Lakshadweep,Ayushman Bharat Health Accounts,1,345,344,25,state-question,1
Lakshadweep,Ayushman Bharat–Pradhan Mantri Jan Aarogya Yojana,1,345,344,25,state-question,1
Lakshadweep,Ayushman Vaya Vandana Card,1,345,344,25,state-question,1
Madhya Pradesh,Renaming of Schemes,10,6415,6138,25,state-question,1
Madhya Pradesh,Promotion of Organic Farming,6,6415,6138,25,state-question,1
Madhya Pradesh,Renamed Schemes,5,6415,6138,25,state-question,1
Madhya Pradesh,SVAMITVA Scheme,5,6415,6138,25,state-question,1
Madhya Pradesh,Green India Mission,4,6415,6138,25,state-question,1
Madhya Pradesh,Minimum Wages,4,6415,6138,25,state-question,1
Madhya Pradesh,Sainik Schools,4,6415,6138,25,state-question,1
Madhya Pradesh,Agricultural Exports,3,6415,6138,25,state-question,1
Madhya Pradesh,Air Pollution,3,6415,6138,25,state-question,1
Madhya Pradesh,Beneficiaries under PMMVY,3,6415,6138,25,state-question,1
Madhya Pradesh,Bharatmala Pariyojana,3,6415,6138,25,state-question,1
Madhya Pradesh,Cancellation of Trains due to Fog,3,6415,6138,25,state-question,1
Madhya Pradesh,Climate Change,3,6415,6138,25,state-question,1
Madhya Pradesh,Coal Production,3,6415,6138,25,state-question,1
Madhya Pradesh,Development of Airports under UDAN Scheme,3,6415,6138,25,state-question,1
Madhya Pradesh,Development of Rural Areas,3,6415,6138,25,state-question,1
Madhya Pradesh,Electrification of Railway Lines,3,6415,6138,25,state-question,1
Madhya Pradesh,Green Credit Programme,3,6415,6138,25,state-question,1
Madhya Pradesh,Greenfield Airports,3,6415,6138,25,state-question,1
Madhya Pradesh,Implementation of DAJGUA,3,6415,6138,25,state-question,1
Madhya Pradesh,Jan Aushadhi Kendras,3,6415,6138,25,state-question,1
Madhya Pradesh,Livestock Census,3,6415,6138,25,state-question,1
Madhya Pradesh,NH Projects in Madhya Pradesh,3,6415,6138,25,state-question,1
Madhya Pradesh,National Broadband Mission,3,6415,6138,25,state-question,1
Madhya Pradesh,Nirbhaya Fund,3,6415,6138,25,state-question,1
Maharashtra,Inter-linking of Rivers,9,13742,12746,25,state-question,1
Maharashtra,Railway Projects in Maharashtra,9,13742,12746,25,state-question,1
Maharashtra,Fit India Movement,7,13742,12746,25,state-question,1
Maharashtra,Kendriya Vidyalayas in Maharashtra,7,13742,12746,25,state-question,1
Maharashtra,Misleading Advertisements,7,13742,12746,25,state-question,1
Maharashtra,PMGSY in Maharashtra,7,13742,12746,25,state-question,1
Maharashtra,CSR Fund,6,13742,12746,25,state-question,1
Maharashtra,Central Road and Infrastructure Fund,6,13742,12746,25,state-question,1
Maharashtra,Plastic Parks,6,13742,12746,25,state-question,1
Maharashtra,SVAMITVA Scheme,6,13742,12746,25,state-question,1
Maharashtra,Construction of Roads under PMGSY,5,13742,12746,25,state-question,1
Maharashtra,Jal Jeevan Mission,5,13742,12746,25,state-question,1
Maharashtra,Modernisation of Railway Stations in Maharashtra,5,13742,12746,25,state-question,1
Maharashtra,NHs in Maharashtra,5,13742,12746,25,state-question,1
Maharashtra,National Creche Scheme,5,13742,12746,25,state-question,1
Maharashtra,PM SVANidhi Scheme,5,13742,12746,25,state-question,1
Maharashtra,Population Control,5,13742,12746,25,state-question,1
Maharashtra,Promotion of AYUSH,5,13742,12746,25,state-question,1
Maharashtra,Promotion of Sports,5,13742,12746,25,state-question,1
Maharashtra,Promotion of Tourism in Maharashtra,5,13742,12746,25,state-question,1
Maharashtra,Rashtriya Mahila Kosh,5,13742,12746,25,state-question,1
Maharashtra,Routes under UDAN Scheme,5,13742,12746,25,state-question,1
Maharashtra,Setting up of Medical Colleges,5,13742,12746,25,state-question,1
Maharashtra,Ayushman Bharat Digital Mission,4,13742,12746,25,state-question,1
Maharashtra,Bharatmala Pariyojana,4,13742,12746,25,state-question,1
Manipur,Panchayat Elections in Manipur,2,109,108,25,state-question,1
Manipur,AYUSH Wellness Centre and Hospital,1,109,108,25,state-question,1
Manipur,Allegations against Vice-Chancellor,1,109,108,25,state-question,1
Manipur,Appointment of Lecturers in Manipur,1,109,108,25,state-question,1
Manipur,Assistance to affected Farmers,1,109,108,25,state-question,1
Manipur,Awareness Programmes,1,109,108,25,state-question,1
Manipur,Beneficiaries under AB-PMJAY in North Eastern States,1,109,108,25,state-question,1
Manipur,Bilateral and Multilateral Trade,1,109,108,25,state-question,1
Manipur,Business Activities of SECI,1,109,108,25,state-question,1
Manipur,CGHS Coverage in NER,1,109,108,25,state-question,1
Manipur,CGHS Wellness Centre in Manipur,1,109,108,25,state-question,1
Manipur,CSR Funding by Power PSUs,1,109,108,25,state-question,1
Manipur,Connectivity of Imphal through Rail,1,109,108,25,state-question,1
Manipur,Construction of Imphal-Tupul-Jiribam Railway Project,1,109,108,25,state-question,1
Manipur,Construction of NHs in Manipur,1,109,108,25,state-question,1
Manipur,Crisis for Farmers,1,109,108,25,state-question,1
Manipur,Criteria for Inclusion in the Scheduled Tribe List,1,109,108,25,state-question,1
Manipur,Development of Inland Waterways,1,109,108,25,state-question,1
Manipur,Development of Tourist Destinations in Manipur,1,109,108,25,state-question,1
Manipur,Dialogue With NSCN (IM),1,109,108,25,state-question,1
Manipur,Displacement of Medical Students,1,109,108,25,state-question,1
Manipur,Education Funds,1,109,108,25,state-question,1
Manipur,Essential Commodities to IDPs,1,109,108,25,state-question,1
Manipur,Establishment of  AIIMS in Manipur,1,109,108,25,state-question,1
Manipur,Exam Centres in Hilly Areas,1,109,108,25,state-question,1
Meghalaya,Bharatmala Pariyojana in NER,2,306,301,25,state-question,1
Meghalaya,Funds to North Eastern States,2,306,301,25,state-question,1
Meghalaya,NABL,2,306,301,25,state-question,1
Meghalaya,National Institute of Social Defence,2,306,301,25,state-question,1
Meghalaya,Regulation of VDAs,2,306,301,25,state-question,1
Meghalaya,'BHAVINI' Fast Breeder Reactor,1,306,301,25,state-question,1
Meghalaya,AI Education in Schools and Colleges,1,306,301,25,state-question,1
Meghalaya,AUSC Technology based Thermal Power Plants,1,306,301,25,state-question,1
Meghalaya,AWWs and AWHs under POSHAN Scheme,1,306,301,25,state-question,1
Meghalaya,Accessibility of Quality Medicines,1,306,301,25,state-question,1
Meghalaya,Adjudication of Disputes under New Farm Laws,1,306,301,25,state-question,1
Meghalaya,Adverse Effects of COVID-19 Vaccines,1,306,301,25,state-question,1
Meghalaya,Agriculture University in Meghalaya,1,306,301,25,state-question,1
Meghalaya,Aid to Farmers during COVID Crisis,1,306,301,25,state-question,1
Meghalaya,Air Crashes in Arunachal Pradesh,1,306,301,25,state-question,1
Meghalaya,Anganwadi Centres in Meghalaya,1,306,301,25,state-question,1
Meghalaya,Anti CAA Protests,1,306,301,25,state-question,1
Meghalaya,Anti Human Trafficking Units,1,306,301,25,state-question,1
Meghalaya,Anti-TB Drugs Provided by Private Sector Clinics,1,306,301,25,state-question,1
Meghalaya,Appointment as Insolvency Professionals,1,306,301,25,state-question,1
Meghalaya,Appointment of District Court Judges,1,306,301,25,state-question,1
Meghalaya,Appointment of Independent Directors in PSUs,1,306,301,25,state-question,1
Meghalaya,Assessment of Tourism Potential of NER,1,306,301,25,state-question,1
Meghalaya,Auction of Seized Coal,1,306,301,25,state-question,1
Meghalaya,Automobile Sales,1,306,301,25,state-question,1
Mizoram,Rural Electrification Schemes,2,68,67,25,state-question,1
Mizoram,Acquisition of Zoram Medical College in Mizoram,1,68,67,25,state-question,1
Mizoram,Addressing the needs of Higher Education through Television Programmes,1,68,67,25,state-question,1
Mizoram,Bairabi-Sairang Railway Line,1,68,67,25,state-question,1
Mizoram,CGHS Dental facilities in North-East,1,68,67,25,state-question,1
Mizoram,CGHS Empanelled Dental Clinics/Hospitals,1,68,67,25,state-question,1
Mizoram,Cashless Treatment of CGHS Beneficiaries at Leading Hospitals,1,68,67,25,state-question,1
Mizoram,Construction of Railway Lines in Mizoram,1,68,67,25,state-question,1
Mizoram,Consumption Expenditure,1,68,67,25,state-question,1
Mizoram,Core Banking System,1,68,67,25,state-question,1
Mizoram,Cyber Security of Digital Payment,1,68,67,25,state-question,1
Mizoram,DD Channels in NE Region,1,68,67,25,state-question,1
Mizoram,DDU-GKY in NER,1,68,67,25,state-question,1
Mizoram,Development of North-East as New Tourist Destinations,1,68,67,25,state-question,1
Mizoram,Digital Connectivity in Tribal and Hilly Areas,1,68,67,25,state-question,1
Mizoram,Direct Assignment Policy for Private Producers/Filmmakers,1,68,67,25,state-question,1
Mizoram,Empanelment of CGHS Hospitals in NER,1,68,67,25,state-question,1
Mizoram,Essential and Generic Medicines,1,68,67,25,state-question,1
Mizoram,Establishment of Oil Depot in Mizoram,1,68,67,25,state-question,1
Mizoram,Extension  of Railway Line in Mizoram,1,68,67,25,state-question,1
Mizoram,Financial Assistance to Mizoram,1,68,67,25,state-question,1
Mizoram,Grievances/Advisory Committee in CGHS Wellness Centres,1,68,67,25,state-question,1
Mizoram,Helicopter Service in Manipur,1,68,67,25,state-question,1
Mizoram,Hydel Project,1,68,67,25,state-question,1
Mizoram,Implementation of e-file System,1,68,67,25,state-question,1
NCT of Delhi,Pollution in Yamuna River,3,1971,1925,25,state-question,1
NCT of Delhi,Rashtriya Gram Swaraj Abhiyan,3,1971,1925,25,state-question,1
NCT of Delhi,Air Pollution,2,1971,1925,25,state-question,1
NCT of Delhi,Air Pollution in Delhi,2,1971,1925,25,state-question,1
NCT of Delhi,Ayushman Bharat Digital Mission,2,1971,1925,25,state-question,1
NCT of Delhi,Child Trafficking,2,1971,1925,25,state-question,1
NCT of Delhi,Cleaning of Yamuna River,2,1971,1925,25,state-question,1
NCT of Delhi,Coal Production,2,1971,1925,25,state-question,1
NCT of Delhi,Commercial Coal Mining,2,1971,1925,25,state-question,1
NCT of Delhi,Construction of Roads under PMGSY,2,1971,1925,25,state-question,1
NCT of Delhi,Cyber Crimes,2,1971,1925,25,state-question,1
NCT of Delhi,Drug Abuse,2,1971,1925,25,state-question,1
NCT of Delhi,Empowerment of Women,2,1971,1925,25,state-question,1
NCT of Delhi,Ethanol Blended Petrol Programme,2,1971,1925,25,state-question,1
NCT of Delhi,Flood Management,2,1971,1925,25,state-question,1
NCT of Delhi,Green Credit Programme,2,1971,1925,25,state-question,1
NCT of Delhi,Greenfield Industrial Nodes,2,1971,1925,25,state-question,1
NCT of Delhi,Impact of Air Pollution on Health,2,1971,1925,25,state-question,1
NCT of Delhi,Impact of Climate Change on Agriculture,2,1971,1925,25,state-question,1
NCT of Delhi,Kendriya Vidyalayas in Delhi,2,1971,1925,25,state-question,1
NCT of Delhi,Khelo India Centre,2,1971,1925,25,state-question,1
NCT of Delhi,Manufacturing of Defence Equipment,2,1971,1925,25,state-question,1
NCT of Delhi,NHAI Projects in Delhi,2,1971,1925,25,state-question,1
NCT of Delhi,National Mission for Clean Ganga,2,1971,1925,25,state-question,1
NCT of Delhi,National Programme for Dairy Development,2,1971,1925,25,state-question,1
Nagaland,Eklavya Model Residential Schools,2,63,61,25,state-question,1
Nagaland,Road Projects in Nagaland,2,63,61,25,state-question,1
Nagaland,Air-strip in Nagaland,1,63,61,25,state-question,1
Nagaland,Approved Projects under Various Schemes,1,63,61,25,state-question,1
Nagaland,Article 275(1),1,63,61,25,state-question,1
Nagaland,Combined Recruitment Examination,1,63,61,25,state-question,1
Nagaland,Construction of Cold Storages,1,63,61,25,state-question,1
Nagaland,"Construction of Medical College at Kohima, Nagaland",1,63,61,25,state-question,1
Nagaland,Construction of Road in Nagaland,1,63,61,25,state-question,1
Nagaland,Crude Oil Extraction in Nagaland,1,63,61,25,state-question,1
Nagaland,Crude Oil Reserves in North East,1,63,61,25,state-question,1
Nagaland,Deep Tech Startups,1,63,61,25,state-question,1
Nagaland,Distribution of Tide over Rice,1,63,61,25,state-question,1
Nagaland,Eklavya Residential Schools,1,63,61,25,state-question,1
Nagaland,Financial Grant to North East States,1,63,61,25,state-question,1
Nagaland,Financial Grants under NDRF and SDRF,1,63,61,25,state-question,1
Nagaland,Four Laning of Highways,1,63,61,25,state-question,1
Nagaland,Funds Sanctioned to Nagaland for Construction of Tourist Destinations,1,63,61,25,state-question,1
Nagaland,Funds Sanctioned under DDUGJY,1,63,61,25,state-question,1
Nagaland,Funds for NH-207A in Nagaland,1,63,61,25,state-question,1
Nagaland,Funds to Medical College in Nagaland,1,63,61,25,state-question,1
Nagaland,Funds to Nagaland for  Fisheries Schemes,1,63,61,25,state-question,1
Nagaland,Funds to Nagaland for Veterinary and Animal Husbandry,1,63,61,25,state-question,1
Nagaland,Funds to Nagaland under 15th Finance Commission,1,63,61,25,state-question,1
Nagaland,Funds under PMAGY and AVYAY,1,63,61,25,state-question,1
Odisha,PMGSY in Odisha,10,6117,5790,25,state-question,1
Odisha,Railway Projects in Odisha,7,6117,5790,25,state-question,1
Odisha,Extension of Nuapada-Gunupur Railway Line,6,6117,5790,25,state-question,1
Odisha,NH Projects in Odisha,6,6117,5790,25,state-question,1
Odisha,Coal Production,5,6117,5790,25,state-question,1
Odisha,Missing Children,5,6117,5790,25,state-question,1
Odisha,Road Projects in Odisha,5,6117,5790,25,state-question,1
Odisha,Child Marriages,4,6117,5790,25,state-question,1
Odisha,Coal Royalty,4,6117,5790,25,state-question,1
Odisha,Displaced People in Odisha,4,6117,5790,25,state-question,1
Odisha,Financial Assistance to Odisha,4,6117,5790,25,state-question,1
Odisha,Irrigation Projects in Odisha,4,6117,5790,25,state-question,1
Odisha,Kendriya Vidyalaya in Odisha,4,6117,5790,25,state-question,1
Odisha,National Livestock Mission,4,6117,5790,25,state-question,1
Odisha,Rashtriya Gram Swaraj Abhiyan,4,6117,5790,25,state-question,1
Odisha,Sainik Schools,4,6117,5790,25,state-question,1
Odisha,Accidents in Mines,3,6117,5790,25,state-question,1
Odisha,Area Development Programmes,3,6117,5790,25,state-question,1
Odisha,Aspirational Districts,3,6117,5790,25,state-question,1
Odisha,BharatNet Project in Odisha,3,6117,5790,25,state-question,1
Odisha,Bharatmala Pariyojana,3,6117,5790,25,state-question,1
Odisha,Broadband Connections in Odisha,3,6117,5790,25,state-question,1
Odisha,Custodial Deaths,3,6117,5790,25,state-question,1
Odisha,Disinvestment of NINL,3,6117,5790,25,state-question,1
Odisha,Fertilizer Rake Points,3,6117,5790,25,state-question,1
Puducherry,Elevated Corridor in Puducherry,2,133,131,25,state-question,1
Puducherry,Expansion of Puducherry Airport,2,133,131,25,state-question,1
Puducherry,Accreditation of Vocational Courses by NBA,1,133,131,25,state-question,1
Puducherry,Allocation of Road Projects to Puducherry,1,133,131,25,state-question,1
Puducherry,Applications of Space Technology  in various Sectors,1,133,131,25,state-question,1
Puducherry,Appointment of full time VC for Pondicherry University,1,133,131,25,state-question,1
Puducherry,Ayushman Health Cards,1,133,131,25,state-question,1
Puducherry,Bridge on NH-45A,1,133,131,25,state-question,1
Puducherry,CSR Resources towards Research and Innovation,1,133,131,25,state-question,1
Puducherry,Canteen Facilities to Ex-servicemen,1,133,131,25,state-question,1
Puducherry,Central Assistance to Puducherry,1,133,131,25,state-question,1
Puducherry,Chengalpattu-Mamallapuram Railway Project,1,133,131,25,state-question,1
Puducherry,Chief Minister’s Meeting on Water Conservation,1,133,131,25,state-question,1
Puducherry,Cities covered under AMRUT,1,133,131,25,state-question,1
Puducherry,Coast Guard Air Enclave Facility,1,133,131,25,state-question,1
Puducherry,Coastal Erosion,1,133,131,25,state-question,1
Puducherry,Collection of Toll,1,133,131,25,state-question,1
Puducherry,Combining Solar Energy with LDES,1,133,131,25,state-question,1
Puducherry,Compilation of Rural Wage Statistics,1,133,131,25,state-question,1
Puducherry,Constitution of 8th Central Pay Commission (CPC),1,133,131,25,state-question,1
Puducherry,Construction of New Legislative Assembly Building,1,133,131,25,state-question,1
Puducherry,Cultural Preservation of Archaeological Sites of Puducherry,1,133,131,25,state-question,1
Puducherry,Dairy Value Chain,1,133,131,25,state-question,1
Puducherry,Damages Caused by Rains and Floods in Puducherry,1,133,131,25,state-question,1
Puducherry,Decline in Domestic Production of Fertiliser,1,133,131,25,state-question,1
Punjab,Visits by Foreign Dignitaries,4,1942,1909,25,state-question,1
Punjab,Floods in Punjab,3,1942,1909,25,state-question,1
Punjab,Impact of Demonetisation,3,1942,1909,25,state-question,1
Punjab,Acquisition of Land for NH Projects,2,1942,1909,25,state-question,1
Punjab,Amritsar-Kolkata Industrial Corridor,2,1942,1909,25,state-question,1
Punjab,Assistance under NDRF,2,1942,1909,25,state-question,1
Punjab,Committee on MSP,2,1942,1909,25,state-question,1
Punjab,Crop Diversification,2,1942,1909,25,state-question,1
Punjab,Discontinuation of Flights,2,1942,1909,25,state-question,1
Punjab,Electoral Bonds,2,1942,1909,25,state-question,1
Punjab,Ground Water Availability in Punjab,2,1942,1909,25,state-question,1
Punjab,Groundwater Extraction in Punjab,2,1942,1909,25,state-question,1
Punjab,Integrated Textile Park,2,1942,1909,25,state-question,1
Punjab,Jurisdiction of BSF,2,1942,1909,25,state-question,1
Punjab,Management of e-Waste,2,1942,1909,25,state-question,1
Punjab,NH Projects in Punjab,2,1942,1909,25,state-question,1
Punjab,National Clean Air Programme,2,1942,1909,25,state-question,1
Punjab,Non-Communicable Diseases,2,1942,1909,25,state-question,1
Punjab,Outstanding Debt of Punjab,2,1942,1909,25,state-question,1
Punjab,Propagation of Regional Languages,2,1942,1909,25,state-question,1
Punjab,Revival of BSNL in Amritsar and Punjab’s Border Belt,2,1942,1909,25,state-question,1
Punjab,Rising Cases of Cancer,2,1942,1909,25,state-question,1
Punjab,Rising Prices of Petroleum Products,2,1942,1909,25,state-question,1
Punjab,Sample Testing of Coronavirus,2,1942,1909,25,state-question,1
Punjab,Shortage of Coal,2,1942,1909,25,state-question,1
Rajasthan,Eklavya Model Residential Schools,6,7734,7289,25,state-question,1
Rajasthan,Inter-linking of Rivers,6,7734,7289,25,state-question,1
Rajasthan,Sainik Schools,6,7734,7289,25,state-question,1
Rajasthan,Beneficiaries under PMAY-G,5,7734,7289,25,state-question,1
Rajasthan,Digital Agriculture Mission,5,7734,7289,25,state-question,1
Rajasthan,Eastern Rajasthan Canal Project,5,7734,7289,25,state-question,1
Rajasthan,Illegal Mining,5,7734,7289,25,state-question,1
Rajasthan,JJM in Rajasthan,5,7734,7289,25,state-question,1
Rajasthan,Promotion of Organic Farming,5,7734,7289,25,state-question,1
Rajasthan,Animal Husbandry Infrastructure Development Fund,4,7734,7289,25,state-question,1
Rajasthan,Animal Welfare Board of India,4,7734,7289,25,state-question,1
Rajasthan,Ayushman Bharat Digital Mission,4,7734,7289,25,state-question,1
Rajasthan,Cancer Patients,4,7734,7289,25,state-question,1
Rajasthan,DDU-GKY in Rajasthan,4,7734,7289,25,state-question,1
Rajasthan,FAME India Scheme,4,7734,7289,25,state-question,1
Rajasthan,MGNREGS in Rajasthan,4,7734,7289,25,state-question,1
Rajasthan,NH Projects in Rajasthan,4,7734,7289,25,state-question,1
Rajasthan,Passport Service Centres,4,7734,7289,25,state-question,1
Rajasthan,Pollution in Rivers,4,7734,7289,25,state-question,1
Rajasthan,Rashtriya Gram Swaraj Abhiyan,4,7734,7289,25,state-question,1
Rajasthan,SVAMITVA Scheme,4,7734,7289,25,state-question,1
Rajasthan,Upgradation of Railway Stations,4,7734,7289,25,state-question,1
Rajasthan,Accidents in Coal Mines,3,7734,7289,25,state-question,1
Rajasthan,Air Service from Manpur Airstrip,3,7734,7289,25,state-question,1
Rajasthan,Atal Pension Yojana,3,7734,7289,25,state-question,1
Sikkim,Adverse Effects of Climate Change on Himalayas,1,78,78,25,state-question,1
Sikkim,Aftercare Support for Children,1,78,78,25,state-question,1
Sikkim,Aggregate Technical and Commercial Losses,1,78,78,25,state-question,1
Sikkim,Arrivals of Foreign Tourist,1,78,78,25,state-question,1
Sikkim,Assessment of Claims and Compensation under PMFBY,1,78,78,25,state-question,1
Sikkim,Ayurvedic Classification of Diseases,1,78,78,25,state-question,1
Sikkim,Bio Fertilizer Production,1,78,78,25,state-question,1
Sikkim,Child Care Centers in North East Region,1,78,78,25,state-question,1
Sikkim,Compensation for Damages Caused by Landslides,1,78,78,25,state-question,1
Sikkim,Consumption of Water Resources,1,78,78,25,state-question,1
Sikkim,Demand of Steel and Carbon Dioxide Emission,1,78,78,25,state-question,1
Sikkim,Development of Transport Facility for CAPFs,1,78,78,25,state-question,1
Sikkim,Digital Infrastructure in Tribal Dominated Areas,1,78,78,25,state-question,1
Sikkim,Earthquake Vulnerability and Steps taken to Mitigate the Risk,1,78,78,25,state-question,1
Sikkim,Economic impact of the Surge in Tourism in Himalayan Region,1,78,78,25,state-question,1
Sikkim,Effects of Climate Change,1,78,78,25,state-question,1
Sikkim,Employment in Textile and Apparel Sector,1,78,78,25,state-question,1
Sikkim,Establishment of Bar Councils in North Eastern Region,1,78,78,25,state-question,1
Sikkim,Export of Organic Products,1,78,78,25,state-question,1
Sikkim,Fertiliser Subsidy for Organic Farmers,1,78,78,25,state-question,1
Sikkim,Financial Assistance for Tribals in Training and Skilling,1,78,78,25,state-question,1
Sikkim,Flights from Pakyong Airport,1,78,78,25,state-question,1
Sikkim,Funds Allocated for Infrastructural Development in Sikkim,1,78,78,25,state-question,1
Sikkim,Funds Allocation by Ministries to NER,1,78,78,25,state-question,1
Sikkim,Funds for Research in basic Science in HEIs,1,78,78,25,state-question,1
Tamil Nadu,"AIIMS, Madurai",7,10745,10183,25,state-question,1
Tamil Nadu,PMAY-G in Tamil Nadu,6,10745,10183,25,state-question,1
Tamil Nadu,Road Projects in Tamil Nadu,6,10745,10183,25,state-question,1
Tamil Nadu,Disinvestment of PSUs,5,10745,10183,25,state-question,1
Tamil Nadu,Pradhan Mantri Matsya Sampada Yojana,5,10745,10183,25,state-question,1
Tamil Nadu,Privatisation of Airports,5,10745,10183,25,state-question,1
Tamil Nadu,BharatNet Project in Tamil Nadu,4,10745,10183,25,state-question,1
Tamil Nadu,Bharatmala Pariyojana,4,10745,10183,25,state-question,1
Tamil Nadu,Child Trafficking,4,10745,10183,25,state-question,1
Tamil Nadu,Custodial Deaths,4,10745,10183,25,state-question,1
Tamil Nadu,Implementation of PMAY-G,4,10745,10183,25,state-question,1
Tamil Nadu,Kisan Credit Card Scheme,4,10745,10183,25,state-question,1
Tamil Nadu,Namami Gange Programme,4,10745,10183,25,state-question,1
Tamil Nadu,National AYUSH Mission,4,10745,10183,25,state-question,1
Tamil Nadu,PM Gati Shakti National Master Plan,4,10745,10183,25,state-question,1
Tamil Nadu,PMEGP in Tamil Nadu,4,10745,10183,25,state-question,1
Tamil Nadu,PMFME Scheme,4,10745,10183,25,state-question,1
Tamil Nadu,Pradhan Mantri Matru Vandana Yojana,4,10745,10183,25,state-question,1
Tamil Nadu,Railway Projects in Tamil Nadu,4,10745,10183,25,state-question,1
Tamil Nadu,Road Accidents,4,10745,10183,25,state-question,1
Tamil Nadu,Shortage of Fertilizers,4,10745,10183,25,state-question,1
Tamil Nadu,Toll Plazas,4,10745,10183,25,state-question,1
Tamil Nadu,Unemployment Rate,4,10745,10183,25,state-question,1
Tamil Nadu,Visits by Foreign Dignitaries,4,10745,10183,25,state-question,1
Tamil Nadu,AYUSH Health and Wellness Centres,3,10745,10183,25,state-question,1
Telangana,Centrally Sponsored Schemes,8,4196,4064,25,state-question,1
Telangana,New Education Policy,4,4196,4064,25,state-question,1
Telangana,Airports in Telangana,3,4196,4064,25,state-question,1
Telangana,Auction of Coal Blocks,3,4196,4064,25,state-question,1
Telangana,Inter-linking of Rivers,3,4196,4064,25,state-question,1
Telangana,Jan Aushadhi Kendras,3,4196,4064,25,state-question,1
Telangana,KV and JNV in Telangana,3,4196,4064,25,state-question,1
Telangana,PMAY-G in Telangana,3,4196,4064,25,state-question,1
Telangana,Paddy Procurement,3,4196,4064,25,state-question,1
Telangana,Promotion of Sports,3,4196,4064,25,state-question,1
Telangana,Support to MSMEs,3,4196,4064,25,state-question,1
Telangana,AYURGYAN Scheme,2,4196,4064,25,state-question,1
Telangana,AYUSH Centres/Hospitals,2,4196,4064,25,state-question,1
Telangana,AgriSURE Fund,2,4196,4064,25,state-question,1
Telangana,Agriculture Infrastructure Fund,2,4196,4064,25,state-question,1
Telangana,Air Quality,2,4196,4064,25,state-question,1
Telangana,Allocation of Coal Blocks,2,4196,4064,25,state-question,1
Telangana,Anganwadi Centres,2,4196,4064,25,state-question,1
Telangana,Anganwadi Centres in Telangana,2,4196,4064,25,state-question,1
Telangana,Arbitration Claims,2,4196,4064,25,state-question,1
Telangana,Assistance for Kanti Velugu Programme,2,4196,4064,25,state-question,1
Telangana,Atal Pension Yojana,2,4196,4064,25,state-question,1
Telangana,Auction of Coal Mines,2,4196,4064,25,state-question,1
Telangana,Ayushman Bharat Digital Mission,2,4196,4064,25,state-question,1
Telangana,Ayushman Bharat Yojana,2,4196,4064,25,state-question,1
Tripura,Jobs on Compassionate Ground,2,600,596,25,state-question,1
Tripura,Production of Ethanol,2,600,596,25,state-question,1
Tripura,Rail Connectivity in Tripura,2,600,596,25,state-question,1
Tripura,Smart Class,2,600,596,25,state-question,1
Tripura,12th India Security Summit,1,600,596,25,state-question,1
Tripura,19th Instalments of PM-KISAN,1,600,596,25,state-question,1
Tripura,2021 Census through Mobile App,1,600,596,25,state-question,1
Tripura,ADIP Scheme,1,600,596,25,state-question,1
Tripura,AYUSH Health and Wellness Centres in Tripura,1,600,596,25,state-question,1
Tripura,AYUSH Medicine for Coronavirus Infection,1,600,596,25,state-question,1
Tripura,AYUSH Medicines under CGHS,1,600,596,25,state-question,1
Tripura,Access to Public Transport in Urban Areas,1,600,596,25,state-question,1
Tripura,Accessible Toilets for Divyangs,1,600,596,25,state-question,1
Tripura,Adarsh Anganwadi Kendras,1,600,596,25,state-question,1
Tripura,Advance Communication Satellite,1,600,596,25,state-question,1
Tripura,Agenda to Reduce Food Wastage,1,600,596,25,state-question,1
Tripura,Agreement with Various Countries to Develop Film Tourism,1,600,596,25,state-question,1
Tripura,Agreements for Saubhagya,1,600,596,25,state-question,1
Tripura,Aims and Objectives of NCDC,1,600,596,25,state-question,1
Tripura,Air Freight Subsidy,1,600,596,25,state-question,1
Tripura,Air Quality Index Display Machines,1,600,596,25,state-question,1
Tripura,Allocation under SC/ST Sub-Plan,1,600,596,25,state-question,1
Tripura,"Amendment in Biological Diversity Act, 2002",1,600,596,25,state-question,1
Tripura,Amendments in Forest Policy,1,600,596,25,state-question,1
Tripura,Amount Allocated to Auroville Foundation,1,600,596,25,state-question,1
Uttar Pradesh,Road Accidents,8,13562,12738,25,state-question,1
Uttar Pradesh,Promotion of Electric Vehicles,7,13562,12738,25,state-question,1
Uttar Pradesh,Rashtriya Gram Swaraj Abhiyan,7,13562,12738,25,state-question,1
Uttar Pradesh,PMAY-G in Uttar Pradesh,6,13562,12738,25,state-question,1
Uttar Pradesh,PMGSY in Uttar Pradesh,6,13562,12738,25,state-question,1
Uttar Pradesh,Population Control,6,13562,12738,25,state-question,1
Uttar Pradesh,Construction of National Highways,5,13562,12738,25,state-question,1
Uttar Pradesh,Crime against Women,5,13562,12738,25,state-question,1
Uttar Pradesh,Family Courts,5,13562,12738,25,state-question,1
Uttar Pradesh,Global Hunger Index,5,13562,12738,25,state-question,1
Uttar Pradesh,Pollution in Rivers,5,13562,12738,25,state-question,1
Uttar Pradesh,Pradhan Mantri Jan Vikas Karyakram,5,13562,12738,25,state-question,1
Uttar Pradesh,Promotion of Yoga,5,13562,12738,25,state-question,1
Uttar Pradesh,SVAMITVA Scheme,5,13562,12738,25,state-question,1
Uttar Pradesh,Supply of Fertilizers,5,13562,12738,25,state-question,1
Uttar Pradesh,Atal Bhujal Yojana,4,13562,12738,25,state-question,1
Uttar Pradesh,Ayushman Bharat Yojana,4,13562,12738,25,state-question,1
Uttar Pradesh,Bank Frauds,4,13562,12738,25,state-question,1
Uttar Pradesh,Beneficiaries under PMAY-G,4,13562,12738,25,state-question,1
Uttar Pradesh,Bharatmala Pariyojana,4,13562,12738,25,state-question,1
Uttar Pradesh,Centrally Sponsored Schemes,4,13562,12738,25,state-question,1
Uttar Pradesh,Coal Production,4,13562,12738,25,state-question,1
Uttar Pradesh,Conservation of Forests,4,13562,12738,25,state-question,1
Uttar Pradesh,Dairy Processing and Infrastructure Development Fund,4,13562,12738,25,state-question,1
Uttar Pradesh,Defence Corridor,4,13562,12738,25,state-question,1
Uttarakhand,Railway Projects in Uttarakhand,3,636,627,25,state-question,1
Uttarakhand,AYUSH Colleges,2,636,627,25,state-question,1
Uttarakhand,Development of Mountain Tourism Circuits,2,636,627,25,state-question,1
Uttarakhand,Increase in MSP,2,636,627,25,state-question,1
Uttarakhand,Janani Suraksha Yojana,2,636,627,25,state-question,1
Uttarakhand,NAMASTE Scheme,2,636,627,25,state-question,1
Uttarakhand,One Nation One Fertilizer Scheme,2,636,627,25,state-question,1
Uttarakhand,Palna Scheme,2,636,627,25,state-question,1
Uttarakhand,4G Saturation Project in Uncovered Villages,1,636,627,25,state-question,1
Uttarakhand,AI Translation Technologies of Bhashini Project,1,636,627,25,state-question,1
Uttarakhand,AI-based Monsoon Forecasting Scheme,1,636,627,25,state-question,1
Uttarakhand,AYURSWASTHYA Yojana,1,636,627,25,state-question,1
Uttarakhand,AYUSH Doctors and Yoga Instructors in Rural Areas,1,636,627,25,state-question,1
Uttarakhand,AYUSH System of Medicine,1,636,627,25,state-question,1
Uttarakhand,AYUSH Wellness Centres,1,636,627,25,state-question,1
Uttarakhand,AYUSH-based Preventive Healthcare for School Students,1,636,627,25,state-question,1
Uttarakhand,Access to Nutritious Food,1,636,627,25,state-question,1
Uttarakhand,Accessibility in Public Examinations for Divyangjan,1,636,627,25,state-question,1
Uttarakhand,Acreage under Cultivation,1,636,627,25,state-question,1
Uttarakhand,Adoption Process,1,636,627,25,state-question,1
Uttarakhand,Adverse Impact on Health of Hot Food Delivered by Food Apps,1,636,627,25,state-question,1
Uttarakhand,Affordable Healthcare and Medical Value Tourism,1,636,627,25,state-question,1
Uttarakhand,Affordable Housing,1,636,627,25,state-question,1
Uttarakhand,AgriSURE Fund,1,636,627,25,state-question,1
Uttarakhand,Agriculture Policy for Hilly Regions,1,636,627,25,state-question,1
West Bengal,Ghatal Master Plan,6,7128,6783,25,state-question,1
West Bengal,Railway Projects in West Bengal,6,7128,6783,25,state-question,1
West Bengal,PLI Scheme,5,7128,6783,25,state-question,1
West Bengal,Privatisation of Airports,5,7128,6783,25,state-question,1
West Bengal,Vacant Posts,5,7128,6783,25,state-question,1
West Bengal,MGNREGS in West Bengal,4,7128,6783,25,state-question,1
West Bengal,Naya Savera Scheme,4,7128,6783,25,state-question,1
West Bengal,New Education Policy,4,7128,6783,25,state-question,1
West Bengal,PM Internship Scheme,4,7128,6783,25,state-question,1
West Bengal,Road Accidents,4,7128,6783,25,state-question,1
West Bengal,Bank Frauds,3,7128,6783,25,state-question,1
West Bengal,Bharatmala Pariyojana,3,7128,6783,25,state-question,1
West Bengal,Bullet Train Project,3,7128,6783,25,state-question,1
West Bengal,Centrally Sponsored Schemes,3,7128,6783,25,state-question,1
West Bengal,Child Labour,3,7128,6783,25,state-question,1
West Bengal,Climate Change,3,7128,6783,25,state-question,1
West Bengal,Closed MSMEs,3,7128,6783,25,state-question,1
West Bengal,Closure of MSMEs,3,7128,6783,25,state-question,1
West Bengal,Coal Production,3,7128,6783,25,state-question,1
West Bengal,Crime against Women,3,7128,6783,25,state-question,1
West Bengal,Disinvestment of Air India,3,7128,6783,25,state-question,1
West Bengal,Ease of Doing Business,3,7128,6783,25,state-question,1
West Bengal,Floods in West Bengal,3,7128,6783,25,state-question,1
West Bengal,GST Collection,3,7128,6783,25,state-question,1
West Bengal,Garib Kalyan Rojgar Abhiyan,3,7128,6783,25,state-question,1
